Serial ready,,,,,,,,,,,,,,,,,,,,,,,,,,,,,,,,,,,
LED starting at pin 13... done,,,,,,,,,,,,,,,,,,,,,,,,,,,,,,,,,,,
IMU ready,,,,,,,,,,,,,,,,,,,,,,,,,,,,,,,,,,,
Buzzer starting at pin 17... done,,,,,,,,,,,,,,,,,,,,,,,,,,,,,,,,,,,
IR starting at pin 20... done,,,,,,,,,,,,,,,,,,,,,,,,,,,,,,,,,,,
Motor starting at pin 21... done,,,,,,,,,,,,,,,,,,,,,,,,,,,,,,,,,,,
IMU ready,,,,,,,,,,,,,,,,,,,,,,,,,,,,,,,,,,,
Hello!,,,,,,,,,,,,,,,,,,,,,,,,,,,,,,,,,,,
IR starting at pin 20... done,,,,,,,,,,,,,,,,,,,,,,,,,,,,,,,,,,,
Gyroscope sample rate = 104.00 Hz,,,,,,,,,,,,,,,,,,,,,,,,,,,,,,,,,,,
Gyroscope in degrees/second,,,,,,,,,,,,,,,,,,,,,,,,,,,,,,,,,,,
Hello!,,,,,,,,,,,,,,,,,,,,,,,,,,,,,,,,,,,
Accelerometer sample rate = 104.00 Hz,,,,,,,,,,,,,,,,,,,,,,,,,,,,,,,,,,,
Acceleration in g's,,,,,,,,,,,,,,,,,,,,,,,,,,,,,,,,,,,
Gyroscope in degrees/second,,,,,,,,,,,,,,,,,,,,,,,,,,,,,,,,,,,
acc_x_ = -0.14,ay_ = -0.03,az_ = 0.99,roll_init = -1.49,pitch_init = 8.27,yaw_init = 180.00,q0_init = 0.99731,q1_init = -0.01301,q2_init = 0.07212,q3_init = 0.00094,,,,,,,,,,,,,,,,,,,,,,,,,,
key_Rapid,reset,cTime,head_reset,eye_reset,eye_voltage_norm,a_raw,b_raw,c_raw,x_raw,y_raw,z_raw,FLT_THR_POS,FRZ_THR_POS,eye_closed,eye_closed_confirmed,max_nod_f,max_nod_f_confirmed,max_nod_p,max_nod_p_confirmed,delta_pitch,pitch_filt,delta_roll,roll_filt,head_buzz_f,head_buzz_p,eye_buzz,lt_state,st_state,dltst,cf,freeze,v3v3,head_buzz,g_quiet,o_quiet
v20250113_wearDn33iot_Rapid,1,3.001,1,1,2.4007,0.0192,0.0405,0.0021,-0.1427,-0.0259,0.9816,0.04,0.01,0,0,4.274,0,9.274,0,13,21.274,5,3.499,0,0,0,2.4007,2.4007,0,1,0,3.3,0,0,0
v20250113_wearDn33iot_Rapid,0,3.086,1,1,2.47,0.0192,0.0405,0.0021,-0.1427,-0.0259,0.9816,0.04,0.01,0,0,4.274,0,9.274,0,13,21.274,5,3.499,0,0,0,2.47,2.47,0,1,0,3.3,0,0,0
grav tone played,reset,cTime,head_reset,eye_reset,eye_voltage_norm,a_raw,b_raw,c_raw,x_raw,y_raw,z_raw,FLT_THR_POS,FRZ_THR_POS,eye_closed,eye_closed_confirmed,max_nod_f,max_nod_f_confirmed,max_nod_p,max_nod_p_confirmed,delta_pitch,pitch_filt,delta_roll,roll_filt,head_buzz_f,head_buzz_p,eye_buzz,lt_state,st_state,dltst,cf,freeze,v3v3,head_buzz,g_quiet,o_quiet
v20250113_wearDn33iot_Rapid,0,3.19,0,1,2.6287,0.1278,0.2525,0.0639,-0.1665,-0.0216,1.0232,0.04,0.01,0,0,4.845,1,9.845,1,13,21.845,5,3.678,1,1,0,2.6287,2.6287,0,1,0,3.3,1,0.2376,1.3053
v20250113_wearDn33iot_Rapid,0,3.29,0,1,2.6295,0.0096,0.0341,0.0213,-0.2225,-0.0209,1.0096,0.04,0.01,0,0,6.685,1,11.685,1,13,23.685,5,3.752,1,1,0,2.6295,2.6295,0,1,0,3.3,1,0.41,1.0095
v20250113_wearDn33iot_Rapid,0,3.39,0,1,2.6432,-0.0234,-0.066,-0.0746,-0.1941,-0.0017,0.9778,0.04,0.01,0,0,7.001,1,12.001,1,13,24.001,5,4.338,1,1,0,2.6432,2.6432,0,1,0,3.3,1,0.1785,0.1723
v20250113_wearDn33iot_Rapid,0,3.491,0,1,2.6319,-0.0373,-0.066,-0.0085,-0.1655,-0.0297,0.9874,0.04,0.01,0,0,6.288,1,11.288,1,13,23.288,5,3.809,1,1,0,2.6319,2.6319,0,1,0,3.3,1,-0.0079,0.0959
v20250113_wearDn33iot_Rapid,0,3.591,0,1,2.5232,-0.0554,-0.0767,0.032,-0.194,-0.0214,0.9757,0.04,0.01,0,0,6.803,1,11.803,1,13,23.803,5,3.777,1,1,0,2.5232,2.5232,0,1,0,3.3,1,-0.0847,-0.0555
v20250113_wearDn33iot_Rapid,0,3.691,0,1,2.4071,-0.0415,-0.1214,-0.0064,-0.1836,-0.0198,1.0052,0.04,0.01,0,0,6.605,1,11.605,1,13,23.605,5,3.827,1,1,0,2.4071,2.4071,0,1,0,3.3,1,0.0175,0.2387
v20250113_wearDn33iot_Rapid,0,3.791,0,1,2.4015,0.0075,-0.0895,0.0341,-0.1229,-0.0518,0.948,0.04,0.01,0,0,4.995,1,9.995,1,13,21.995,5,2.835,1,1,0,2.4015,2.4015,0,1,0,3.3,1,-0.2065,0.1065
v20250113_wearDn33iot_Rapid,0,3.891,0,1,2.4144,-0.0373,-0.0565,-0.0256,-0.1255,-0.028,0.9806,0.04,0.01,0,0,4.129,1,9.129,1,13,21.129,5,3.089,1,1,0,2.4144,2.4144,0,1,0,3.3,1,-0.3057,-0.1098
v20250113_wearDn33iot_Rapid,0,3.991,0,1,2.3974,-0.0543,-0.0874,-0.0075,-0.1123,-0.0159,1.0251,0.04,0.01,0,0,3.156,1,8.156,1,13,20.156,5,3.598,1,1,0,2.3974,2.3974,0,1,0,3.3,1,0.0737,-0.1331
v20250113_wearDn33iot_Rapid,0,4.091,0,1,2.4023,-0.0586,-0.0714,0.0426,-0.1267,-0.0273,1.0128,0.04,0.01,0,0,3.109,1,8.109,1,13,20.109,5,3.521,1,1,0,2.4023,2.4023,0,1,0,3.3,1,0.233,0.0303
v20250113_wearDn33iot_Rapid,0,4.191,0,1,2.3958,-0.081,-0.0682,0.0383,-0.1465,-0.0453,1.0059,0.04,0.01,0,0,3.672,1,8.672,1,13,20.672,5,2.954,1,1,0,2.3958,2.3958,0,1,0,3.3,1,0.2096,0.0681
v20250113_wearDn33iot_Rapid,0,4.291,0,1,2.4071,-0.1097,-0.1886,0.0277,-0.156,-0.0408,0.9861,0.04,0.01,0,0,4.307,1,9.307,1,13,21.307,5,2.769,1,1,0,2.4071,2.4071,0,1,0,3.3,1,0.0562,0.7286
v20250113_wearDn33iot_Rapid,0,4.391,0,1,2.4224,-0.18,-0.3281,0.0043,-0.1127,-0.0601,0.9988,0.04,0.01,0,0,3.313,1,8.313,1,13,20.313,5,2.119,1,1,0,2.4224,2.4224,0,1,0,3.3,1,-0.0112,1.9592
v20250113_wearDn33iot_Rapid,0,4.491,0,1,2.4345,-0.1193,-0.2322,0.0011,-0.0164,-0.1091,0.9851,0.04,0.01,0,0,0.034,1,5.034,1,13,17.034,5,0.325,1,1,0,2.4345,2.4345,0,1,0,3.3,1,-0.0928,1.9603
v20250113_wearDn33iot_Rapid,0,4.591,0,1,2.4385,-0.0298,-0.0746,-0.0064,-0.0101,-0.1194,0.9985,0.04,0.01,0,0,-1.819,0,3.181,1,13,15.181,5,-0.831,0,1,0,2.4385,2.4385,0,1,0,3.3,0,-0.0829,0.2621
v20250113_wearDn33iot_Rapid,0,4.691,0,1,2.4603,-0.033,-0.0682,-0.0565,0.0031,-0.1204,0.9879,0.04,0.01,0,0,-3.146,0,1.854,1,13,13.854,5,-1.484,0,1,0,2.4603,2.4603,0,1,0,3.3,0,-0.0709,-0.7644
v20250113_wearDn33iot_Rapid,0,4.792,0,1,2.449,-0.0714,-0.1055,-0.0043,-0.0177,-0.0854,1.0001,0.04,0.01,0,0,-3.22,0,1.78,1,13,13.78,5,-0.76,0,1,0,2.449,2.449,0,1,0,3.3,0,-0.0537,-0.7788
v20250113_wearDn33iot_Rapid,0,4.892,0,1,2.5352,-0.0916,-0.1225,-0.0181,-0.002,-0.1083,0.9806,0.04,0.01,0,0,-3.713,0,1.287,1,13,13.287,5,-1.121,0,1,0,2.5352,2.5352,0,1,0,3.3,0,-0.0923,-0.4375
v20250113_wearDn33iot_Rapid,0,4.992,0,1,2.4949,-0.0426,-0.0096,0.033,-0.0017,-0.11,0.9908,0.04,0.01,0,0,-3.957,0,1.043,1,13,13.043,5,-1.315,0,1,0,2.4949,2.4949,0,1,0,3.3,0,-0.1027,-0.7287
v20250113_wearDn33iot_Rapid,0,5.092,0,1,2.4635,-0.0426,-0.0117,0.0053,-0.0068,-0.1128,1.0095,0.04,0.01,0,0,-3.933,0,1.067,1,13,13.067,5,-1.434,0,1,0,2.4635,2.4635,0,1,0,3.3,0,0.0608,-1.0823
v20250113_wearDn33iot_Rapid,0,5.192,0,1,2.4917,-0.0352,-0.0341,-0.0085,0.0125,-0.1354,0.9841,0.04,0.01,0,0,-4.483,0,0.517,1,13,12.517,5,-2.234,0,1,0,2.4917,2.4917,0,1,0,3.3,0,0.0325,-0.9948
v20250113_wearDn33iot_Rapid,0,5.3,0,1,2.4845,0.016,0.0373,0.0224,0.0107,-0.1246,1.0325,0.04,0.01,0,0,-4.686,0,0.314,1,13,12.314,5,-2.153,0,1,0,2.4845,2.4845,0,1,0,3.3,0,0.1991,-0.8253
v20250113_wearDn33iot_Rapid,0,5.4,0,1,2.5014,-0.0181,-0.0245,-0.0053,-0.0223,-0.1195,0.9904,0.04,0.01,0,0,-3.839,0,1.161,1,13,13.161,5,-2.11,0,1,0,2.5014,2.5014,0,1,0,3.3,0,0.1551,-0.716
v20250113_wearDn33iot_Rapid,0,5.5,0,1,2.4917,-0.0288,-0.0543,-0.0053,0.0018,-0.1206,1.0145,0.04,0.01,0,0,-4.114,0,0.886,1,13,12.886,5,-2.036,0,1,0,2.4917,2.4917,0,1,0,3.3,0,0.0865,-0.4527
tone stopped,0,5.398,0,1,2.2169,-0.1587,0.0874,0.0703,0.3158,-0.2439,0.9445,0.04,0.01,0,0,-6.379,0,-1.379,0,13,-5.295,5,-10.621,0,0,0,2.2169,2.2169,0,1,0,3.3,0,0,
v20250113_wearDn33iot_Rapid,0,5.6,0,1,2.532,-0.0373,-0.0618,-0.0213,0.0393,-0.145,1.0082,0.04,0.01,0,0,-5.327,0,-0.327,0,13,11.673,5,-2.714,0,0,0,2.532,2.532,0,1,0,3.3,0,0.145,-0.0973
v20250113_wearDn33iot_Rapid,0,5.7,0,1,2.5046,-0.033,-0.0724,-0.0149,0.0217,-0.1355,0.9824,0.04,0.01,0,0,-5.456,0,-0.456,0,13,11.544,5,-2.888,0,0,0,2.5046,2.5046,0,1,0,3.3,0,-0.0435,0.0974
v20250113_wearDn33iot_Rapid,0,5.8,0,1,2.5578,0.0043,0.0096,-0.0032,0.0378,-0.1191,0.9939,0.04,0.01,0,0,-5.975,0,-0.975,0,13,11.025,5,-2.452,0,0,0,2.5578,2.5578,0,1,0,3.3,0,-0.1141,-0.1858
v20250113_wearDn33iot_Rapid,0,5.9,0,1,2.4619,-0.0447,-0.0831,0.0075,0.0094,-0.1255,1.0306,0.04,0.01,0,0,-5.406,0,-0.406,0,13,11.594,5,-2.287,0,0,0,2.4619,2.4619,0,1,0,3.3,0,0.0967,-0.0387
v20250113_wearDn33iot_Rapid,0,6,0,1,2.4732,-0.0128,-0.0522,-0.0075,0.0618,-0.1506,0.9934,0.04,0.01,0,0,-6.638,0,-1.638,0,13,10.362,5,-3.055,0,0,0,2.4732,2.4732,0,1,0,3.3,0,0.1058,0.1151
v20250113_wearDn33iot_Rapid,0,6.1,0,1,2.4684,-0.0043,-0.0128,0.0075,0.0468,-0.155,1.002,0.04,0.01,0,0,-6.812,0,-1.812,0,13,10.188,5,-3.532,0,0,0,2.4684,2.4684,0,1,0,3.3,0,0.0125,-0.2516
v20250113_wearDn33iot_Rapid,0,6.2,0,1,2.4756,0.0021,-0.0224,-0.0053,0.0568,-0.1434,0.9983,0.04,0.01,0,0,-7.195,0,-2.195,0,13,9.805,5,-3.457,0,0,0,2.4756,2.4756,0,1,0,3.3,0,0.0103,-0.3572
v20250113_wearDn33iot_Rapid,0,6.3,0,1,2.4829,0.0064,0.0021,0.0192,0.061,-0.1414,0.9917,0.04,0.01,0,0,-7.519,0,-2.519,0,13,9.481,5,-3.384,0,0,0,2.4829,2.4829,0,1,0,3.3,0,-0.0671,-0.3565
v20250113_wearDn33iot_Rapid,0,6.4,0,1,2.4748,0.0107,0.0341,0.0053,0.058,-0.1311,0.9965,0.04,0.01,0,0,-7.584,0,-2.584,0,13,9.416,5,-3.029,0,0,0,2.4748,2.4748,0,1,0,3.3,0,-0.0671,-0.2022
v20250113_wearDn33iot_Rapid,0,6.5,0,1,2.4708,-0.0043,0.0117,0.0096,0.0469,-0.1356,0.9913,0.04,0.01,0,0,-7.299,0,-2.299,0,13,9.701,5,-2.998,0,0,0,2.4708,2.4708,0,1,0,3.3,0,-0.0886,-0.1972
v20250113_wearDn33iot_Rapid,0,6.6,0,1,2.4772,0.0021,0.0138,0.0064,0.0461,-0.1313,0.9979,0.04,0.01,0,0,-7.121,0,-2.121,0,13,9.879,5,-2.831,0,0,0,2.4772,2.4772,0,1,0,3.3,0,-0.0556,-0.2167
v20250113_wearDn33iot_Rapid,0,6.7,0,1,2.4675,-0.017,0.0021,0.0288,0.0397,-0.1359,0.9919,0.04,0.01,0,0,-6.847,0,-1.847,0,13,10.153,5,-2.9,0,0,0,2.4675,2.4675,0,1,0,3.3,0,-0.0545,-0.0943
v20250113_wearDn33iot_Rapid,0,6.8,0,1,2.5256,-0.0064,0.0085,0.0021,0.0404,-0.1332,0.9973,0.04,0.01,0,0,-6.719,0,-1.719,0,13,10.281,5,-2.834,0,0,0,2.5256,2.5256,0,1,0,3.3,0,-0.0314,-0.0922
v20250113_wearDn33iot_Rapid,0,6.9,0,1,2.5135,-0.0107,-0.0107,-0.0043,0.0428,-0.1326,1.0004,0.04,0.01,0,0,-6.72,0,-1.72,0,13,10.28,5,-2.769,0,0,0,2.5135,2.5135,0,1,0,3.3,0,0.0117,-0.1355
v20250113_wearDn33iot_Rapid,0,7,0,1,2.5352,-0.0085,0.0053,-0.0032,0.0443,-0.1345,0.9961,0.04,0.01,0,0,-6.764,0,-1.764,0,13,10.236,5,-2.807,0,0,0,2.5352,2.5352,0,1,0,3.3,0,0.015,-0.1192
v20250113_wearDn33iot_Rapid,0,7.1,0,1,2.5119,-0.0128,0.0021,0.0064,0.0417,-0.1311,0.9993,0.04,0.01,0,0,-6.706,0,-1.706,0,13,10.294,5,-2.715,0,0,0,2.5119,2.5119,0,1,0,3.3,0,0.0129,-0.1052
v20250113_wearDn33iot_Rapid,0,7.2,0,1,2.536,-0.0021,0.0075,-0.0064,0.041,-0.1332,0.9987,0.04,0.01,0,0,-6.652,0,-1.652,0,13,10.348,5,-2.728,0,0,0,2.536,2.536,0,1,0,3.3,0,0.0209,-0.0794
v20250113_wearDn33iot_Rapid,0,7.3,0,1,2.5264,-0.0043,-0.0021,-0.0021,0.0345,-0.1331,1.0005,0.04,0.01,0,0,-6.434,0,-1.434,0,13,10.566,5,-2.722,0,0,0,2.5264,2.5264,0,1,0,3.3,0,0.0237,-0.1104
v20250113_wearDn33iot_Rapid,0,7.4,0,1,2.5377,0,0.0107,0.0075,0.0425,-0.1401,0.989,0.04,0.01,0,0,-6.561,0,-1.561,0,13,10.439,5,-2.967,0,0,0,2.5377,2.5377,0,1,0,3.3,0,-0.0247,-0.0637
v20250113_wearDn33iot_Rapid,0,7.5,0,1,2.5288,-0.017,0.0234,-0.0043,0.0497,-0.1311,0.9995,0.04,0.01,0,0,-6.819,0,-1.819,0,13,10.181,5,-2.79,0,0,0,2.5288,2.5288,0,1,0,3.3,0,-0.0225,0.0665
v20250113_wearDn33iot_Rapid,0,7.6,0,1,2.5368,0,0.0085,0.0053,0.0331,-0.1309,1.0028,0.04,0.01,0,0,-6.466,0,-1.466,0,13,10.534,5,-2.678,0,0,0,2.5368,2.5368,0,1,0,3.3,0,0.0327,0.0553
v20250113_wearDn33iot_Rapid,0,7.7,0,1,2.5336,-0.0032,0.0288,-0.0043,0.035,-0.1248,1.0061,0.04,0.01,0,0,-6.335,0,-1.335,0,13,10.665,5,-2.432,0,0,0,2.5336,2.5336,0,1,0,3.3,0,0.0588,0.0729
v20250113_wearDn33iot_Rapid,0,7.8,0,1,2.5368,-0.0288,0.0043,-0.0128,0.0337,-0.1383,0.9891,0.04,0.01,0,0,-6.245,0,-1.245,0,13,10.755,5,-2.763,0,0,0,2.5368,2.5368,0,1,0,3.3,0,-0.0081,0.1606
v20250113_wearDn33iot_Rapid,0,7.9,0,1,2.5191,-0.0032,0.0234,-0.0149,0.0302,-0.1342,0.9957,0.04,0.01,0,0,-6.086,0,-1.086,0,13,10.914,5,-2.782,0,0,0,2.5191,2.5191,0,1,0,3.3,0,-0.0522,0.1328
v20250113_wearDn33iot_Rapid,0,8,0,1,2.532,-0.0085,0.0064,0.0032,0.0277,-0.1361,0.9995,0.04,0.01,0,0,-5.93,0,-0.93,0,13,11.07,5,-2.832,0,0,0,2.532,2.532,0,1,0,3.3,0,-0.0082,0.0144
v20250113_wearDn33iot_Rapid,0,8.1,0,1,2.5304,-0.0107,-0.0043,-0.0064,0.0304,-0.1428,0.9934,0.04,0.01,0,0,-5.932,0,-0.932,0,13,11.068,5,-3.075,0,0,0,2.5304,2.5304,0,1,0,3.3,0,-0.0173,-0.0817
v20250113_wearDn33iot_Rapid,0,8.2,0,1,2.5409,-0.0128,-0.0128,-0.0043,0.0348,-0.1361,0.9956,0.04,0.01,0,0,-6.059,0,-1.059,0,13,10.941,5,-2.995,0,0,0,2.5409,2.5409,0,1,0,3.3,0,-0.0204,-0.0514
v20250113_wearDn33iot_Rapid,0,8.3,0,1,2.5328,-0.0064,-0.0075,0.0043,0.0327,-0.1321,1.0009,0.04,0.01,0,0,-6.056,0,-1.056,0,13,10.944,5,-2.816,0,0,0,2.5328,2.5328,0,1,0,3.3,0,0.0076,-0.0723
v20250113_wearDn33iot_Rapid,0,8.4,0,1,2.5417,-0.0128,0.0064,0.0224,0.0382,-0.1433,0.9874,0.04,0.01,0,0,-6.223,0,-1.223,0,13,10.777,5,-3.102,0,0,0,2.5417,2.5417,0,1,0,3.3,0,-0.0277,-0.0017
v20250113_wearDn33iot_Rapid,0,8.5,0,1,2.5554,-0.0075,0.0064,0.0032,0.0302,-0.134,0.9988,0.04,0.01,0,0,-6.062,0,-1.062,0,13,10.938,5,-2.932,0,0,0,2.5554,2.5554,0,1,0,3.3,0,-0.0257,-0.0167
v20250113_wearDn33iot_Rapid,0,8.6,0,1,2.5425,-0.0107,-0.0021,0.0053,0.0262,-0.1417,0.9957,0.04,0.01,0,0,-5.867,0,-0.867,0,13,11.133,5,-3.078,0,0,0,2.5425,2.5425,0,1,0,3.3,0,0.008,-0.0638
v20250113_wearDn33iot_Rapid,0,8.7,0,1,2.5417,-0.0053,0.0085,-0.0096,0.0308,-0.137,0.9961,0.04,0.01,0,0,-5.896,0,-0.896,0,13,11.104,5,-3.012,0,0,0,2.5417,2.5417,0,1,0,3.3,0,0.0002,-0.0466
v20250113_wearDn33iot_Rapid,0,8.8,0,1,2.5707,-0.0107,-0.016,0.0032,0.028,-0.1366,0.9984,0.04,0.01,0,0,-5.828,0,-0.828,0,13,11.172,5,-2.958,0,0,0,2.5707,2.5707,0,1,0,3.3,0,0.0171,-0.0028
v20250113_wearDn33iot_Rapid,0,8.9,0,1,2.5441,-0.0107,-0.016,0.0085,0.0315,-0.1365,0.9978,0.04,0.01,0,0,-5.895,0,-0.895,0,13,11.105,5,-2.929,0,0,0,2.5441,2.5441,0,1,0,3.3,0,0.0181,0.0415
v20250113_wearDn33iot_Rapid,0,9,0,1,2.5312,-0.0149,-0.0085,-0.0011,0.0392,-0.1353,0.9978,0.04,0.01,0,0,-6.15,0,-1.15,0,13,10.85,5,-2.878,0,0,0,2.5312,2.5312,0,1,0,3.3,0,0.0193,0.0304
v20250113_wearDn33iot_Rapid,0,9.1,0,1,2.5191,-0.0096,0,-0.0053,0.0359,-0.1406,0.9956,0.04,0.01,0,0,-6.183,0,-1.183,0,13,10.817,5,-3.013,0,0,0,2.5191,2.5191,0,1,0,3.3,0,0.0047,-0.0199
v20250113_wearDn33iot_Rapid,0,9.2,0,1,2.5933,-0.0245,-0.0096,0.0043,0.0385,-0.1365,1.0015,0.04,0.01,0,0,-6.268,0,-1.268,0,13,10.732,5,-2.94,0,0,0,2.5933,2.5933,0,1,0,3.3,0,0.0258,0.0289
v20250113_wearDn33iot_Rapid,0,9.3,0,1,2.5288,0.0032,0.0064,0.0075,0.0295,-0.1454,0.9905,0.04,0.01,0,0,-6.059,0,-1.059,0,13,10.941,5,-3.2,0,0,0,2.5288,2.5288,0,1,0,3.3,0,-0.0093,0.0082
v20250113_wearDn33iot_Rapid,0,9.4,0,1,2.5489,-0.0107,0.0021,0,0.0267,-0.1351,1.0022,0.04,0.01,0,0,-5.861,0,-0.861,0,13,11.139,5,-2.991,0,0,0,2.5489,2.5489,0,1,0,3.3,0,0.0017,-0.0597
v20250113_wearDn33iot_Rapid,0,9.5,0,1,2.6199,-0.017,-0.0117,-0.0053,0.0341,-0.1411,0.9974,0.04,0.01,0,0,-5.975,0,-0.975,0,13,11.025,5,-3.074,0,0,0,2.6199,2.6199,0,1,0,3.3,0,0.0218,-0.0022
v20250113_wearDn33iot_Rapid,0,9.6,0,1,2.532,-0.0043,-0.0043,0.0043,0.0305,-0.1427,0.9976,0.04,0.01,0,0,-5.929,0,-0.929,0,13,11.071,5,-3.159,0,0,0,2.532,2.532,0,1,0,3.3,0,0.0079,-0.033
v20250113_wearDn33iot_Rapid,0,9.7,0,1,2.528,-0.0085,-0.0011,0.0021,0.0394,-0.1451,0.9937,0.04,0.01,0,0,-6.165,0,-1.165,0,13,10.835,5,-3.289,0,0,0,2.528,2.528,0,1,0,3.3,0,-0.0085,-0.0724
v20250113_wearDn33iot_Rapid,0,9.8,0,1,2.5167,0.0213,0.0426,-0.0043,0.0493,-0.1499,0.9818,0.04,0.01,0,0,-6.583,0,-1.583,0,13,10.417,5,-3.539,0,0,0,2.5167,2.5167,0,1,0,3.3,0,-0.0836,0.1403
v20250113_wearDn33iot_Rapid,0,9.9,0,1,2.5151,0.0692,0.1193,0.0277,0.0385,-0.1406,0.9865,0.04,0.01,0,0,-6.464,0,-1.464,0,13,10.536,5,-3.372,0,0,0,2.5151,2.5151,0,1,0,3.3,0,-0.1105,0.8094
v20250113_wearDn33iot_Rapid,0,10,0,1,2.5135,0.1342,0.2535,0.0575,0.0253,-0.1239,0.9825,0.04,0.01,0,0,-6.006,0,-1.006,0,13,10.994,5,-2.807,0,0,0,2.5135,2.5135,0,1,0,3.3,0,-0.128,2.0009
v20250113_wearDn33iot_Rapid,0,10.1,0,1,2.5054,0.0895,0.1715,0.0447,-0.0511,-0.0958,1.0372,0.04,0.01,0,0,-3.605,0,1.395,1,13,13.395,5,-1.552,0,1,0,2.5054,2.5054,0,1,0,3.3,0,0.1423,2.0538
v20250113_wearDn33iot_Rapid,0,10.2,0,1,2.4998,0.0405,0.0458,-0.0085,-0.1035,-0.0878,1.016,0.04,0.01,0,0,-0.872,0,4.128,1,13,16.128,5,-0.744,0,1,0,2.4998,2.4998,0,1,0,3.3,0,0.2878,0.6757
v20250113_wearDn33iot_Rapid,0,10.3,0,1,2.5207,-0.0362,-0.0277,-0.2674,-0.0616,-0.0909,1.0214,0.04,0.01,0,0,-0.685,0,4.315,1,13,16.315,5,-0.414,0,1,0,2.5207,2.5207,0,1,0,3.3,0,0.2237,0.8458
v20250113_wearDn33iot_Rapid,0,10.4,0,1,2.4925,-0.0511,-0.0213,-0.0362,-0.0386,-0.104,0.9867,0.04,0.01,0,0,-1.207,0,3.793,1,13,15.793,5,-0.72,0,1,0,2.4925,2.4925,0,1,0,3.3,0,0.0166,0.3524
v20250113_wearDn33iot_Rapid,0,10.5,0,1,2.5183,-0.0266,-0.0458,-0.0021,-0.0715,-0.0868,1.0098,0.04,0.01,0,0,-0.552,0,4.448,1,13,16.448,5,-0.31,0,1,0,2.5183,2.5183,0,1,0,3.3,0,-0.0612,-0.7114
v20250113_wearDn33iot_Rapid,0,10.6,0,1,2.5522,-0.1832,-0.2727,-0.0394,-0.0483,-0.1163,0.9907,0.04,0.01,0,0,-0.885,0,4.115,1,13,16.115,5,-1.027,0,1,0,2.5522,2.5522,0,1,0,3.3,0,-0.0692,0.6051
v20250113_wearDn33iot_Rapid,0,10.7,0,1,2.5159,-0.0682,-0.1289,-0.017,0.0551,-0.1464,0.9403,0.04,0.01,0,0,-4.135,0,0.865,1,13,12.865,5,-2.473,0,1,0,2.5159,2.5159,0,1,0,3.3,0,-0.393,0.7708
v20250113_wearDn33iot_Rapid,0,10.8,0,1,2.5481,-0.1193,-0.0937,-0.0149,-0.0049,-0.0995,0.9991,0.04,0.01,0,0,-3.967,0,1.033,1,13,13.033,5,-1.607,0,1,0,2.5481,2.5481,0,1,0,3.3,0,-0.2872,0.0899
v20250113_wearDn33iot_Rapid,0,10.9,0,1,2.5505,-0.179,-0.1513,-0.1225,0.0474,-0.1282,1.0081,0.04,0.01,0,0,-5.39,0,-0.39,0,13,11.61,5,-1.965,0,0,0,2.5505,2.5505,0,1,0,3.3,0,0.0222,0.5573
v20250113_wearDn33iot_Rapid,0,11,0,1,2.536,-0.179,-0.1545,-0.0213,0.0488,-0.1567,1.0028,0.04,0.01,0,0,-6.158,0,-1.158,0,13,10.842,5,-2.982,0,0,0,2.536,2.536,0,1,0,3.3,0,0.1458,0.7872
v20250113_wearDn33iot_Rapid,0,11.1,0,1,2.5522,-0.1182,-0.1012,-0.0522,0.0809,-0.2427,0.9321,0.04,0.01,0,0,-7.589,0,-2.589,0,13,9.411,5,-6.391,0,0,0,2.5522,2.5522,0,1,0,3.3,0,-0.0993,0.2523
v20250113_wearDn33iot_Rapid,0,11.2,0,1,2.5497,0,0.0192,0.0043,0.0825,-0.2429,0.9586,0.04,0.01,0,0,-8.287,0,-3.287,0,13,8.713,5,-7.939,0,0,0,2.5497,2.5497,0,1,0,3.3,0,-0.1848,-0.968
v20250113_wearDn33iot_Rapid,0,11.3,0,1,2.5594,0.0618,0.0458,-0.0288,0.0988,-0.2335,0.9498,0.04,0.01,0,0,-8.488,0,-3.488,0,13,7.855,5,-8.512,0,0,0,2.5594,2.5594,0,1,0,3.3,0,-0.1292,-1.3355
v20250113_wearDn33iot_Rapid,0,11.4,0,1,2.5602,-0.0107,0.0202,-0.0639,0.0931,-0.1497,1.0162,0.04,0.01,0,0,-9.291,0,-4.291,0,13,7.709,5,-6.042,0,0,0,2.5602,2.5602,0,1,0,3.3,0,0.1114,-1.0948
v20250113_wearDn33iot_Rapid,0,11.5,0,1,2.4885,-0.0043,0.0458,-0.0373,0.057,-0.2146,0.9623,0.04,0.01,0,0,-8.401,0,-3.401,0,13,8.599,5,-6.915,0,0,0,2.4885,2.4885,0,1,0,3.3,0,0.1187,-0.9926
v20250113_wearDn33iot_Rapid,0,11.6,0,1,2.204,0.0234,0.1214,0.0415,0.0751,-0.1809,0.9824,0.04,0.01,0,0,-8.44,0,-3.44,0,13,8.56,5,-6.265,0,0,0,2.204,2.204,0,1,0,3.3,0,0.0018,-0.41
v20250113_wearDn33iot_Rapid,0,11.7,0,1,1.8325,0.0437,0.2099,-0.0138,0.0491,-0.1747,0.9872,0.04,0.01,0,0,-7.687,0,-2.687,0,13,9.313,5,-5.725,0,0,0,1.8325,1.8325,0,1,0,3.3,0,0.0656,0.5137
v20250113_wearDn33iot_Rapid,0,11.8,0,1,1.8833,0.0405,0.1204,-0.0948,0.0138,-0.162,1.0115,0.04,0.01,0,0,-6.278,0,-1.278,0,13,10.722,5,-4.971,0,0,0,1.8833,1.8833,0,1,0,3.3,0,0.1539,0.7221
v20250113_wearDn33iot_Rapid,0,11.9,0,1,1.9373,-0.0724,-0.0405,-0.0096,0.0063,-0.1896,0.9919,0.04,0.01,0,0,-5.361,0,-0.361,0,13,11.639,5,-5.475,0,0,0,1.9373,1.9373,0,1,0,3.3,0,0.1785,0.0759
v20250113_wearDn33iot_Rapid,0,12,0,1,1.955,0.0096,0.2301,0.0394,0.0902,-0.1927,0.9362,0.04,0.01,0,0,-7.43,0,-2.43,0,13,9.57,5,-6.136,0,0,0,1.955,1.955,0,1,0,3.3,0,-0.1879,0.4615
v20250113_wearDn33iot_Rapid,0,12.1,0,1,1.984,-0.0607,0.1768,0.0011,-0.0068,-0.198,0.969,0.04,0.01,0,0,-5.541,0,-0.541,0,13,11.459,5,-6.436,0,0,0,1.984,1.984,0,1,0,3.3,0,-0.2553,0.7518
v20250113_wearDn33iot_Rapid,0,12.2,0,1,1.8221,0.0053,0.2013,-0.0107,-0.0172,-0.2078,1.0131,0.04,0.01,0,0,-4.29,0,0.71,1,13,12.71,5,-6.602,0,1,0,1.8221,1.8221,0,1,0,3.3,0,0.0887,0.5983
v20250113_wearDn33iot_Rapid,0,12.3,0,1,1.5884,0.1566,0.098,0.0043,0.0322,-0.2025,0.9684,0.04,0.01,0,0,-5.099,0,-0.099,0,13,11.901,5,-6.783,0,0,0,1.5884,1.5884,0,1,0,3.3,0,0.0948,0.4611
v20250113_wearDn33iot_Rapid,0,12.4,0,1,1.54,0.1172,-0.1108,0.0831,-0.0646,-0.101,1.0527,0.04,0.01,0,0,-2.803,0,2.197,1,13,14.197,5,-3.661,0,1,0,1.54,1.54,0,1,0,3.3,0,0.2897,0.2258
v20250113_wearDn33iot_Rapid,0,12.5,0,1,1.573,0.0149,0.0064,0.0597,-0.0199,-0.166,0.9918,0.04,0.01,0,0,-2.819,0,2.181,1,13,14.181,5,-4.118,0,1,0,1.573,1.573,0,1,0,3.3,0,0.285,-0.5025
v20250113_wearDn33iot_Rapid,0,12.6,0,1,1.8349,-0.1651,0.0011,-0.1065,-0.0597,-0.1261,1.073,0.04,0.01,0,0,-1.796,0,3.204,1,13,15.204,5,-2.942,0,1,0,1.8349,1.8349,0,1,0,3.3,0,0.4195,-0.3767
v20250113_wearDn33iot_Rapid,0,12.7,0,1,1.8382,-0.0799,-0.2503,0.1683,0.1007,-0.2216,0.9528,0.04,0.01,0,0,-5.886,0,-0.886,0,13,11.114,5,-5.569,0,0,0,1.8382,1.8382,0,1,0,3.3,0,0.18,0.8442
v20250113_wearDn33iot_Rapid,0,12.8,0,1,1.7447,-0.0469,0.0245,0.1214,0.0603,-0.2031,0.9995,0.04,0.01,0,0,-6.691,0,-1.691,0,13,10.309,5,-6.107,0,0,0,1.7447,1.7447,0,1,0,3.3,0,-0.1213,0.4245
v20250113_wearDn33iot_Rapid,0,12.9,0,1,1.7116,0.1055,-0.0458,0.0138,-0.083,-0.2068,1.0518,0.04,0.01,0,0,-3.136,0,1.864,1,13,13.864,5,-6.178,0,1,0,1.7116,1.7116,0,1,0,3.3,0,0.3,-0.4166
v20250113_wearDn33iot_Rapid,0,13,0,1,1.8075,0.0724,-0.0746,-0.0405,-0.0422,-0.2003,0.9519,0.04,0.01,0,0,-2.307,0,2.693,1,13,14.693,5,-6.604,0,1,0,1.8075,1.8075,0,1,0,3.3,0,-0.0662,-0.6631
v20250113_wearDn33iot_Rapid,0,13.1,0,1,1.8358,-0.1321,-0.1971,0.0234,-0.0118,-0.205,0.9728,0.04,0.01,0,0,-2.815,0,2.185,1,13,14.185,5,-6.848,0,1,0,1.8358,1.8358,0,1,0,3.3,0,-0.3526,0.0029
v20250113_wearDn33iot_Rapid,0,13.2,0,1,1.897,-0.0533,0.1182,-0.032,0.0602,-0.1926,0.9276,0.04,0.01,0,0,-5.243,0,-0.243,0,13,11.757,5,-6.877,0,0,0,1.897,1.897,0,1,0,3.3,0,-0.5681,0.0777
v20250113_wearDn33iot_Rapid,0,13.3,0,1,1.9397,-0.2716,-0.343,-0.1364,-0.0211,-0.2083,1.0511,0.04,0.01,0,0,-4.102,0,0.898,1,13,12.898,5,-6.645,0,1,0,1.9397,1.9397,0,1,0,3.3,0,-0.0448,1.4227
v20250113_wearDn33iot_Rapid,0,13.4,1,1,1.9284,-0.1087,-0.1545,-0.163,0.1715,-0.2964,0.9061,0.04,0.01,0,0,-7.023,0,-2.023,0,13,7.756,5,-9.977,0,0,0,1.9284,1.9284,0,1,0,3.3,0,-0.0053,1.6805
v20250113_wearDn33iot_Rapid,0,13.5,1,1,1.8632,0.1012,0.0778,-0.1055,0.1619,-0.2711,0.9065,0.04,0.01,0,0,-6.045,0,-1.045,0,13,5.378,5,-10.955,0,0,0,1.8632,1.8632,0,1,0,3.3,0,-0.4248,0.1939
v20250113_wearDn33iot_Rapid,0,13.6,1,1,1.8067,0.1619,0.2248,-0.0298,0.1003,-0.2025,1.0231,0.04,0.01,0,0,-8.334,0,-3.334,0,13,6.323,5,-8.666,0,0,0,1.8067,1.8067,0,1,0,3.3,0,0.0242,0.2198
v20250113_wearDn33iot_Rapid,0,13.7,1,1,1.7632,0.0458,0.0767,-0.0096,0.062,-0.2069,0.9867,0.04,0.01,0,0,-9.161,0,-4.161,0,13,7.806,5,-7.839,0,0,0,1.7632,1.7632,0,1,0,3.3,0,0.2051,-0.5817
v20250113_wearDn33iot_Rapid,0,13.8,1,1,1.7648,0.0554,0.065,-0.0021,0.0356,-0.2169,0.9744,0.04,0.01,0,0,-7.683,0,-2.683,0,13,9.317,5,-7.777,0,0,0,1.7648,1.7648,0,1,0,3.3,0,0.0577,-1.3497
v20250113_wearDn33iot_Rapid,0,13.9,1,1,1.6883,0.0522,0.0991,0.0128,0.035,-0.1885,0.9935,0.04,0.01,0,0,-6.877,0,-1.877,0,13,10.123,5,-6.821,0,0,0,1.6883,1.6883,0,1,0,3.3,0,0.0398,-1.2615
v20250113_wearDn33iot_Rapid,0,14,1,1,1.8793,0.0085,0.0075,0.0117,0.0004,-0.1757,1.0153,0.04,0.01,0,0,-5.472,0,-0.472,0,13,11.528,5,-5.865,0,0,0,1.8793,1.8793,0,1,0,3.3,0,0.177,-1.4561
v20250113_wearDn33iot_Rapid,0,14.1,1,1,1.9067,-0.0053,-0.0213,0.017,0.0198,-0.1919,0.9863,0.04,0.01,0,0,-5.322,0,-0.322,0,13,11.678,5,-5.987,0,0,0,1.9067,1.9067,0,1,0,3.3,0,0.1071,-1.5702
v20250113_wearDn33iot_Rapid,0,14.2,1,1,1.9389,0.0181,0.0032,-0.0085,0.0293,-0.191,0.9888,0.04,0.01,0,0,-5.518,0,-0.518,0,13,11.482,5,-6.008,0,0,0,1.9389,1.9389,0,1,0,3.3,0,-0.0014,-1.2976
v20250113_wearDn33iot_Rapid,0,14.3,1,1,1.8938,-0.0181,-0.0117,-0.0117,0.0526,-0.189,0.984,0.04,0.01,0,0,-6.301,0,-1.301,0,13,10.699,5,-5.988,0,0,0,1.8938,1.8938,0,1,0,3.3,0,-0.0435,-1.0408
v20250113_wearDn33iot_Rapid,0,14.4,1,1,1.9792,0.0362,0.0064,0.0298,0.0326,-0.1924,0.983,0.04,0.01,0,0,-6.115,0,-1.115,0,13,10.885,5,-6.075,0,0,0,1.9792,1.9792,0,1,0,3.3,0,-0.0774,-0.6042
v20250113_wearDn33iot_Rapid,0,14.5,1,0,1.976,0.017,0.0053,-0.0149,0.0232,-0.1716,1.0011,0.04,0.01,0,0,-5.738,0,-0.738,0,13,11.262,5,-5.434,0,0,0,1.9736,1.9737,-0.0001,1,0,3.3,0,-0.0033,-0.436
v20250113_wearDn33iot_Rapid,0,14.6,1,0,1.9776,-0.0181,-0.0075,0.0053,0.0311,-0.1761,0.9934,0.04,0.01,0,0,-5.779,0,-0.779,0,13,11.221,5,-5.277,0,0,0,1.9737,1.979,-0.0053,1,0,3.3,0,0.0272,-0.3708
v20250113_wearDn33iot_Rapid,0,14.7,1,0,2.0203,-0.0096,0.0043,0.0128,0.0259,-0.178,0.996,0.04,0.01,0,0,-5.645,0,-0.645,0,13,11.355,5,-5.235,0,0,0,1.9737,1.9809,-0.0072,1,0,3.3,0,0.0239,-0.3159
v20250113_wearDn33iot_Rapid,0,14.8,1,0,1.9832,-0.0373,-0.032,-0.0011,0.0371,-0.1932,0.9832,0.04,0.01,0,0,-5.914,0,-0.914,0,13,11.086,5,-5.719,0,0,0,1.9738,1.9813,-0.0075,1,0,3.3,0,-0.018,-0.0671
v20250113_wearDn33iot_Rapid,0,14.9,1,0,1.98,-0.017,-0.0096,0.0096,0.0381,-0.1903,0.9871,0.04,0.01,0,0,-6.073,0,-1.073,0,13,10.927,5,-5.857,0,0,0,1.9738,1.9808,-0.007,1,0,3.3,0,-0.0451,-0.0156
v20250113_wearDn33iot_Rapid,0,15,1,0,1.976,-0.0202,0.0021,-0.0053,0.0427,-0.1893,0.9874,0.04,0.01,0,0,-6.287,0,-1.287,0,13,10.713,5,-5.898,0,0,0,1.9739,1.9834,-0.0095,1,0,3.3,0,-0.0284,-0.0895
v20250113_wearDn33iot_Rapid,0,15.1,1,0,1.8325,-0.0288,0.0107,-0.0085,0.0334,-0.1774,1.002,0.04,0.01,0,0,-6.114,0,-1.114,0,13,10.886,5,-5.502,0,0,0,1.9736,1.9673,0.0063,1,0,3.3,0,0.0392,-0.0272
v20250113_wearDn33iot_Rapid,0,15.2,1,0,1.8116,-0.1033,0.0756,-0.0075,0.0472,-0.1772,0.9889,0.04,0.01,1,0,-6.432,0,-1.432,0,13,10.568,5,-5.37,0,0,0,1.9735,1.9333,0.0401,0,1,3.3,0,0.0325,0.5397
v20250113_wearDn33iot_Rapid,0,15.3,1,0,1.7866,-0.1513,0.1044,-0.0138,0.0253,-0.1952,0.995,0.04,0.01,1,0,-5.945,0,-0.945,0,13,11.055,5,-5.785,0,0,0,1.9735,1.9031,0.0703,0,1,3.3,0,0.0226,1.2586
v20250113_wearDn33iot_Rapid,0,15.4,1,0,1.7979,-0.1651,0.0831,-0.0053,0.0214,-0.2253,0.972,0.04,0.01,1,0,-5.597,0,-0.597,0,13,11.403,5,-6.992,0,0,0,1.9735,1.8826,0.0909,0,1,3.3,0,-0.0311,1.4473
v20250113_wearDn33iot_Rapid,0,15.5,1,0,1.8067,-0.1971,0.1342,0.0021,0.0126,-0.229,0.9802,0.04,0.01,1,0,-5.153,0,-0.153,0,13,11.847,5,-7.66,0,0,0,1.9735,1.8672,0.1062,0,1,3.3,0,-0.0629,1.5799
v20250113_wearDn33iot_Rapid,0,15.6,1,0,1.7963,-0.2503,0.1587,-0.0075,-0.0051,-0.2709,0.9596,0.04,0.01,1,0,-4.41,0,0.59,0,13,12.59,5,-9.336,0,0,0,1.9735,1.8522,0.1213,0,1,3.3,0,-0.0713,1.8525
v20250113_wearDn33iot_Rapid,0,15.7,1,0,1.7616,-0.2642,0.1662,-0.0234,-0.0259,-0.3002,0.9532,0.04,0.01,1,0,-3.425,0,1.575,0,13,13.575,5,-11.064,0,0,0,1.9735,1.8364,0.1371,0,1,3.3,0,-0.0961,1.9072
v20250113_wearDn33iot_Rapid,0,15.8,1,0,1.7471,-0.3174,0.2248,0.0149,-0.0427,-0.3224,0.9484,0.04,0.01,1,0,-2.428,0,2.572,0,13,14.572,5,-12.609,0,0,0,1.9735,1.8155,0.158,0,1,3.3,0,-0.0497,2.0593
v20250113_wearDn33iot_Rapid,0,15.9,1,0,1.7455,-0.3143,0.1917,0.0288,-0.0725,-0.3706,0.9169,0.04,0.01,1,0,-1.031,0,3.969,0,13,15.969,5,-15.038,0,0,0,1.9735,1.8005,0.1729,0,1,3.3,0,-0.089,1.9189
v20250113_wearDn33iot_Rapid,0,16,1,0,1.735,-0.3068,0.1662,0.0064,-0.0884,-0.3975,0.9036,0.04,0.01,1,0,0.158,0,5.158,0,13,17.148,5,-17.158,0,0,0,1.9735,1.79,0.1835,0,1,3.3,0,-0.1159,1.3486
v20250113_wearDn33iot_Rapid,0,16.1,1,0,1.7318,-0.3249,0.2131,-0.0192,-0.1187,-0.4132,0.9066,0.04,0.01,1,0,1.625,0,6.625,0,13,18.603,5,-18.625,0,0,0,1.9735,1.7788,0.1947,0,1,3.3,0,-0.0464,1.1075
v20250113_wearDn33iot_Rapid,0,16.200001,1,0,1.7334,-0.3334,0.1704,0.0288,-0.1393,-0.4681,0.8718,0.04,0.01,1,0,4.266,0,9.266,0,13,19.965,5,-21.266,0,0,0,1.9735,1.7688,0.2047,0,1,3.3,0,0.0078,0.876
v20250113_wearDn33iot_Rapid,0,16.299999,1,0,1.706,-0.2823,0.1225,0.0085,-0.1396,-0.4928,0.8503,0.04,0.01,1,0,6.555,0,11.555,0,13,20.688,5,-23.555,0,0,0,1.9735,1.7604,0.213,0,1,3.3,0,-0.0324,0.2334
v20250113_wearDn33iot_Rapid,0,16.4,1,0,1.7302,-0.4506,0.1779,-0.0053,-0.1561,-0.4458,0.8766,0.04,0.01,1,0,6.139,0,11.139,0,13,21.532,5,-23.139,0,0,0,1.9735,1.7522,0.2212,0,1,3.3,0,-0.0359,0.6894
v20250113_wearDn33iot_Rapid,0,16.5,1,0,1.7116,-0.2376,0.1257,0.0607,-0.184,-0.5865,0.786,0.04,0.01,1,0,10.851,0,15.851,0,13,22.791,5,-27.851,0,0,0,1.9735,1.7447,0.2288,0,1,3.3,0,-0.0137,0.2071
v20250113_wearDn33iot_Rapid,0,16.6,1,0,1.7108,-0.0586,0.0671,0.1129,-0.2092,-0.5847,0.7899,0.04,0.01,1,0,13.14,0,18.14,0,13,24.119,5,-30.14,0,0,0,1.9735,1.7396,0.2339,0,1,3.3,0,0.0424,-1.4665
v20250113_wearDn33iot_Rapid,0,16.700001,1,0,1.7076,-0.2013,0.1619,0.0671,-0.1827,-0.5405,0.7972,0.04,0.01,1,1,13.113,0,18.113,0,13,24.142,5,-30.113,0,0,1,1.9735,1.7319,0.2416,0,1,3.3,0,-0.0561,-1.4277
ir tone played,0,16.298,0,0,2.1839,-0.0021,0.0075,-0.0021,0.3414,-0.1898,0.9362,0.04,0.01,0,0,-10.348,0,-5.348,0,13,-6.277,5,-6.652,0,0,0,2.185,2.1772,0.0078,1,0,3.3,0,0,
v20250113_wearDn33iot_Rapid,0,16.799999,1,0,1.7044,-0.2599,0.2312,0.049,-0.2565,-0.5853,0.7805,0.04,0.01,1,1,14.486,0,19.486,0,13,26.185,5,-31.486,0,0,1,1.9735,1.7293,0.2442,0,1,3.3,0,-0.0079,-0.4031
v20250113_wearDn33iot_Rapid,0,16.9,1,0,1.6907,-0.2908,0.1566,-0.0032,-0.2722,-0.587,0.7362,0.04,0.01,1,1,16.052,0,21.052,0,13,27.923,5,-33.052,0,0,1,1.9735,1.7236,0.2499,0,1,3.3,0,-0.0411,0.1526
v20250113_wearDn33iot_Rapid,0,17,1,0,1.6979,-0.131,0.016,0.1268,-0.2788,-0.6699,0.691,0.04,0.01,1,1,19.643,0,24.643,0,13,28.828,5,-36.643,0,0,1,1.9735,1.7227,0.2508,0,1,3.3,0,-0.04,-0.5729
v20250113_wearDn33iot_Rapid,0,17.1,1,0,1.7487,-0.0096,0.0192,-0.0021,-0.2758,-0.6901,0.6715,0.04,0.01,1,1,22.323,0,27.323,0,13,29.171,5,-39.323,0,0,1,1.9735,1.7269,0.2466,0,1,3.3,0,0.0591,-2.003
v20250113_wearDn33iot_Rapid,0,17.200001,1,0,1.7922,0.1225,-0.1055,-0.0096,-0.3312,-0.6786,0.6744,0.04,0.01,1,1,23.359,0,28.359,0,13,30.906,5,-40.359,0,0,1,1.9735,1.7404,0.233,0,1,3.3,0,0.1134,-1.9105
v20250113_wearDn33iot_Rapid,0,17.299999,1,0,1.8204,0.376,-0.326,-0.0192,-0.2565,-0.6709,0.7183,0.04,0.01,1,1,22.75,0,27.75,0,13,29.497,5,-39.75,0,0,1,1.9735,1.7581,0.2153,0,1,3.3,0,0.1872,0.7146
v20250113_wearDn33iot_Rapid,0,17.4,1,0,1.8414,0.5475,-0.3739,-0.0842,-0.275,-0.6135,0.7642,0.04,0.01,1,1,20.23,0,25.23,0,13,29.325,5,-37.23,0,0,1,1.9735,1.7787,0.1948,0,1,3.3,0,0.1843,3.3824
v20250113_wearDn33iot_Rapid,0,17.5,1,0,1.7519,0.6722,-0.5071,-0.2013,-0.2086,-0.5435,0.822,0.04,0.01,1,1,16.198,0,21.198,0,13,27.352,5,-33.198,0,0,1,1.9735,1.7841,0.1893,0,1,3.3,0,0.1207,5.2959
v20250113_wearDn33iot_Rapid,0,17.6,1,0,1.7197,0.7425,-0.571,-0.2333,-0.05,-0.4192,0.8976,0.04,0.01,1,1,9.848,0,14.848,0,13,21.824,5,-26.848,0,0,1,1.9735,1.7714,0.2021,0,1,3.3,0,-0.0502,6.2767
v20250113_wearDn33iot_Rapid,0,17.700001,1,0,1.7938,0.5806,-0.4634,-0.2013,-0.027,-0.3159,0.9216,0.04,0.01,1,1,3.536,0,8.536,0,13,18.273,5,-20.536,0,0,1,1.9735,1.7695,0.2039,0,1,3.3,0,-0.2265,4.8608
v20250113_wearDn33iot_Rapid,0,17.799999,1,0,1.7777,0.4634,-0.3015,-0.066,0.0503,-0.2783,0.9136,0.04,0.01,1,1,-0.697,0,4.303,0,13,14.095,5,-16.303,0,0,1,1.9735,1.7756,0.1979,0,1,3.3,0,-0.4124,1.8446
v20250113_wearDn33iot_Rapid,0,17.9,1,0,1.7366,0.4687,-0.2301,-0.0458,0.0795,-0.2628,0.9968,0.04,0.01,1,1,-3.977,0,1.023,0,13,11.234,5,-13.023,0,0,1,1.9735,1.7768,0.1967,0,1,3.3,0,-0.0449,-0.2783
v20250113_wearDn33iot_Rapid,0,18,1,0,1.9494,0.391,-0.2887,0.0277,0.0145,-0.2052,0.9938,0.04,0.01,1,1,-5.408,0,-0.408,0,13,11.592,5,-9.765,0,0,1,1.9735,1.796,0.1774,0,1,3.3,0,0.2306,-1.2764
v20250113_wearDn33iot_Rapid,0,18.1,1,0,1.9736,0.3803,-0.3047,-0.0618,0.097,-0.1443,0.9701,0.04,0.01,1,1,-7.685,0,-2.685,0,13,9.315,5,-6.48,0,0,1,1.9735,1.8379,0.1356,0,1,3.3,0,0.0425,-1.5802
v20250113_wearDn33iot_Rapid,0,18.200001,1,0,1.9736,0.294,-0.1939,-0.0362,0.1016,-0.0918,0.9902,0.04,0.01,1,1,-8.927,0,-3.927,0,13,8.073,5,-3.197,0,0,1,1.9735,1.8707,0.1028,0,1,3.3,0,-0.0175,-2.1712
v20250113_wearDn33iot_Rapid,0,18.299999,1,0,1.9655,0.3047,-0.1864,-0.0426,0.1733,-0.0886,0.9929,0.04,0.01,1,1,-11.605,0,-6.605,0,13,5.395,5,-1.421,0,0,1,1.9735,1.8926,0.0809,0,1,3.3,0,0.0721,-2.4724
v20250113_wearDn33iot_Rapid,0,18.4,1,0,1.9623,0.2716,-0.1534,-0.0575,0.1648,-0.0107,0.9999,0.04,0.01,1,1,-12.714,0,-7.714,0,13,4.286,5,1.765,0,0,1,1.9735,1.9102,0.0632,0,1,3.3,0,0.1381,-2.3236
v20250113_wearDn33iot_Rapid,0,18.5,1,0,1.9744,0.1353,-0.1108,0.032,0.162,-0.001,1.0173,0.04,0.01,1,1,-13.103,0,-8.103,0,13,3.897,5,3.669,0,0,1,1.9735,1.923,0.0505,0,1,3.3,0,0.2244,-2.8299
v20250113_wearDn33iot_Rapid,0,18.6,1,0,1.9687,0.0181,-0.0075,-0.0256,0.2268,-0.0383,1.0166,0.04,0.01,1,1,-13.444,0,-8.444,0,13,1.922,5,3.556,0,0,1,1.9735,1.9318,0.0417,0,1,3.3,0,0.3427,-3.7112
v20250113_wearDn33iot_Rapid,0,18.700001,1,0,1.9526,0.0373,0.0724,0.0011,0.1906,-0.0265,0.9735,0.04,0.01,0,1,-13.201,0,-8.201,0,13,1.691,5,3.799,0,0,1,1.9735,1.9418,0.0316,0.278,1,3.3,0,0.0909,-3.6003
v20250113_wearDn33iot_Rapid,0,18.799999,1,0,1.9268,0.017,0.1023,-0.0533,0.1987,-0.046,0.972,0.04,0.01,0,1,-13.671,0,-8.671,0,13,1.338,5,3.329,0,0,1,1.9735,1.9434,0.0301,0.33,1,3.3,0,-0.1622,-2.5758
v20250113_wearDn33iot_Rapid,0,18.9,1,0,1.8027,0.0863,0.2386,-0.0117,0.1927,0.0013,0.9589,0.04,0.01,1,1,-12.486,0,-7.486,0,13,1.268,5,4.514,0,0,1,1.9735,1.9246,0.0489,0,1,3.3,0,-0.2842,-1.0232
v20250113_wearDn33iot_Rapid,0,19,1,0,1.6214,0.1044,0.5049,0.0618,0.1874,-0.0148,1,0.04,0.01,1,1,-12.361,0,-7.361,0,13,1.649,5,4.639,0,0,1,1.9735,1.8719,0.1016,0,1,3.3,0,-0.1344,1.5797
v20250113_wearDn33iot_Rapid,0,19.1,1,0,1.5158,0.0831,0.5369,0.0149,0.0793,-0.0162,1.0214,0.04,0.01,1,1,-12.012,0,-7.012,0,13,4.988,5,4.657,0,0,1,1.9735,1.8026,0.1709,0,1,3.3,0,0.1134,3.1497
v20250113_wearDn33iot_Rapid,0,19.200001,1,0,1.5158,0.0682,0.2376,0.0053,-0.0762,0.0446,1.0657,0.04,0.01,1,1,-6.032,0,-1.032,0,13,10.968,5,6.333,0,0,1,1.9735,1.738,0.2355,0,1,3.3,0,0.4133,1.6759
v20250113_wearDn33iot_Rapid,0,19.299999,1,0,1.5376,-0.0703,-0.0405,0.0181,-0.0215,0.0576,1.0568,0.04,0.01,1,1,-4.445,0,0.555,0,13,12.555,5,7.54,0,0,1,1.9735,1.6877,0.2858,0,1,3.3,0,0.556,-0.8729
v20250113_wearDn33iot_Rapid,0,19.4,1,0,1.8003,-0.1225,-0.0778,0.0394,-0.0034,0.0126,1.0275,0.04,0.01,1,1,-4.133,0,0.867,0,13,12.867,5,6.909,0,0,1,1.9735,1.6858,0.2877,0,1,3.3,0,0.2881,-1.6489
v20250113_wearDn33iot_Rapid,0,19.5,1,0,1.8446,-0.1928,-0.1055,0.0565,0.0017,0.0273,0.9686,0.04,0.01,1,1,-4.126,0,0.874,0,13,12.874,5,7.041,0,0,1,1.9735,1.7208,0.2527,0,1,3.3,0,-0.2295,-1.063
v20250113_wearDn33iot_Rapid,0,19.6,1,0,1.6061,-0.1395,-0.0586,0.0788,0.0343,-0.0402,1.0308,0.04,0.01,1,1,-5.038,0,-0.038,0,13,11.962,5,5.15,0,0,1,1.9735,1.7242,0.2493,0,1,3.3,0,-0.2327,-0.7963
v20250113_wearDn33iot_Rapid,0,19.700001,1,0,1.5996,-0.1694,-0.081,0.0607,-0.0021,-0.045,1.0176,0.04,0.01,1,1,-4.477,0,0.523,0,13,12.523,5,4.02,0,0,1,1.9735,1.6968,0.2767,0,1,3.3,0,-0.037,-0.6537
v20250113_wearDn33iot_Rapid,0,19.799999,1,0,1.5948,0.0043,0.0639,0,0.0582,-0.0524,0.9536,0.04,0.01,1,1,-6.015,0,-1.015,0,13,10.985,5,3.149,0,0,1,1.9735,1.6745,0.299,0,1,3.3,0,-0.3945,-1.0719
v20250113_wearDn33iot_Rapid,0,19.9,1,0,1.5553,-0.0075,0.0607,-0.0522,0.0555,-0.0717,1.0286,0.04,0.01,1,1,-6.596,0,-1.596,0,13,10.404,5,2.271,0,0,1,1.9735,1.65,0.3234,0,1,3.3,0,-0.2068,-1.4179
v20250113_wearDn33iot_Rapid,0,20,1,0,1.5408,0.0085,0.0554,0.0149,-0.0117,-0.036,1.0005,0.04,0.01,1,1,-4.977,0,0.023,0,13,12.023,5,2.8,0,0,1,1.9735,1.6272,0.3463,0,1,3.3,0,-0.0395,-1.2843
v20250113_wearDn33iot_Rapid,0,20.1,1,0,1.5577,0.0107,0.114,-0.0202,0.0154,-0.0658,1.0342,0.04,0.01,1,1,-4.921,0,0.079,0,13,12.079,5,2.26,0,0,1,1.9735,1.6068,0.3667,0,1,3.3,0,0.089,-0.8641
v20250113_wearDn33iot_Rapid,0,20.200001,1,0,1.5634,-0.0714,0.0192,-0.0117,-0.0129,-0.0205,1.0383,0.04,0.01,1,1,-4.103,0,0.897,0,13,12.897,5,3.251,0,0,1,1.9735,1.5918,0.3817,0,1,3.3,0,0.2691,-0.5489
v20250113_wearDn33iot_Rapid,0,20.299999,1,0,1.6214,-0.1896,-0.2109,0.0117,-0.0652,-0.0197,1.0217,0.04,0.01,1,1,-2.212,0,2.788,0,13,14.788,5,3.754,0,0,1,1.9735,1.5915,0.382,0,1,3.3,0,0.1917,0.5591
v20250113_wearDn33iot_Rapid,0,20.4,1,0,1.8704,-0.3579,-0.4112,-0.0245,0.0078,-0.082,0.9462,0.04,0.01,1,1,-3.367,0,1.633,0,13,13.633,5,2.026,0,0,1,1.9735,1.6363,0.3371,0,1,3.3,0,-0.2854,3.0042
v20250113_wearDn33iot_Rapid,0,20.5,1,0,1.9582,-0.2461,-0.4155,-0.0746,0.0768,-0.1426,0.9764,0.04,0.01,1,1,-5.985,0,-0.985,0,13,11.015,5,-0.542,0,0,1,1.9735,1.7052,0.2683,0,1,3.3,0,-0.4378,3.7656
v20250113_wearDn33iot_Rapid,0,20.6,1,0,1.9856,-0.131,-0.2983,-0.0884,0.2112,-0.1808,0.9636,0.04,0.01,1,1,-11.215,0,-6.215,0,13,5.785,5,-2.983,0,0,1,1.9735,1.7662,0.2073,0,1,3.3,0,-0.1833,2.4566
v20250113_wearDn33iot_Rapid,0,20.700001,1,0,2.0034,-0.0415,-0.0937,-0.066,0.1803,-0.1394,0.9371,0.04,0.01,1,1,-13.186,0,-8.186,0,13,3.814,5,-3.157,0,0,1,1.9735,1.8182,0.1553,0,1,3.3,0,-0.2803,0.0141
v20250113_wearDn33iot_Rapid,0,20.799999,1,0,1.9752,0.0213,0.0352,0.0085,0.223,-0.1648,0.9868,0.04,0.01,1,1,-13.243,0,-8.243,0,13,1.911,5,-3.757,0,0,1,1.9735,1.8552,0.1183,0,1,3.3,0,-0.0424,-1.8831
v20250113_wearDn33iot_Rapid,0,20.9,1,0,1.9784,0.0266,0.0277,0.0192,0.1282,-0.1246,1.0303,0.04,0.01,1,1,-13.241,0,-8.241,0,13,3.759,5,-2.746,0,0,1,1.9735,1.8902,0.0832,0,1,3.3,0,0.3459,-2.475
v20250113_wearDn33iot_Rapid,0,21.000999,1,0,1.9848,0.0053,0.0447,-0.0149,0.1907,-0.1433,0.9956,0.04,0.01,1,1,-14.103,0,-9.103,0,13,2.826,5,-2.897,0,0,1,1.9735,1.9071,0.0664,0,1,3.3,0,0.3603,-2.2871
v20250113_wearDn33iot_Rapid,0,21.080999,1,0,2.005,-0.0117,0.017,0.0075,0.1591,-0.1631,1.0193,0.04,0.01,1,1,-13.562,0,-8.562,0,13,3.358,5,-3.438,0,0,1,1.9735,1.9262,0.0473,0,1,3.3,0,0.3496,-2.0132
v20250113_wearDn33iot_Rapid,0,21.191,1,0,2.0171,-0.0117,0.0149,-0.0032,0.1458,-0.1239,0.9843,0.04,0.01,0,1,-13.158,0,-8.158,0,13,3.842,5,-2.729,0,0,1,1.9735,1.9482,0.0253,0.491,1,3.3,0,0.1494,-1.6943
v20250113_wearDn33iot_Rapid,0,21.291,1,0,2.013,-0.0202,0.033,0.0373,0.1743,-0.1539,0.9744,0.04,0.01,0,1,-13.709,0,-8.709,0,13,3.247,5,-3.291,0,0,1,1.9735,1.9627,0.0108,0.973,1,3.3,0,-0.0984,-1.1204
v20250113_wearDn33iot_Rapid,0,21.392,1,0,2.0155,-0.0011,0.0383,0.0043,0.1686,-0.1664,1.0151,0.04,0.01,0,1,-13.243,0,-8.243,0,13,3.306,5,-3.757,0,0,1,1.9737,1.9765,-0.0028,1,0,3.3,0,0.072,-0.7019
tone stopped,,,,,,,,,,,,,,,,,,,,,,,,,,,,,,,,,,,
v20250113_wearDn33iot_Rapid,0,21.492001,1,0,2.0122,-0.0096,0.0064,0.0128,0.1147,-0.132,0.959,0.04,0.01,0,0,-12.366,0,-7.366,0,13,4.634,5,-3.239,0,0,0,1.9739,1.9857,-0.0118,1,0,3.3,0,-0.134,-0.6045
v20250113_wearDn33iot_Rapid,0,21.6,1,0,2.0114,-0.0032,0.0096,0.0085,0.1483,-0.1427,0.9747,0.04,0.01,0,0,-12.601,0,-7.601,0,13,4.399,5,-3.23,0,0,0,1.9742,1.9944,-0.0203,1,0,3.3,0,-0.2909,-0.5336
v20250113_wearDn33iot_Rapid,0,21.700001,1,0,2.0082,-0.0021,-0.0011,0.0032,0.131,-0.1567,0.9796,0.04,0.01,0,0,-12.192,0,-7.192,0,13,4.808,5,-3.615,0,0,0,1.9744,2.0015,-0.0271,1,0,3.3,0,-0.1795,-0.4739
v20250113_wearDn33iot_Rapid,0,21.799999,1,0,2.0509,-0.0043,0.0011,0.0043,0.1406,-0.1499,0.9862,0.04,0.01,0,0,-12.236,0,-7.236,0,13,4.764,5,-3.584,0,0,0,1.9746,2.0063,-0.0316,1,0,3.3,0,-0.089,-0.385
v20250113_wearDn33iot_Rapid,0,21.9,1,0,2.1033,-0.0032,0.0032,0.0075,0.142,-0.1492,0.9862,0.04,0.01,0,0,-12.295,0,-7.295,0,13,4.705,5,-3.548,0,0,0,1.9749,2.0105,-0.0356,1,0,3.3,0,-0.0075,-0.2663
v20250113_wearDn33iot_Rapid,0,22,1,0,2.0114,0.0085,0.0213,0.0064,0.1398,-0.1473,0.9906,0.04,0.01,0,0,-12.242,0,-7.242,0,13,4.758,5,-3.457,0,0,0,1.9751,2.0107,-0.0356,1,0,3.3,0,0.0285,-0.0905
v20250113_wearDn33iot_Rapid,0,22.1,1,0,2.0848,-0.0021,0.0117,0,0.1403,-0.1448,0.991,0.04,0.01,0,0,-12.227,0,-7.227,0,13,4.773,5,-3.337,0,0,0,1.9754,2.02,-0.0445,1,0,3.3,0,0.0633,-0.0272
v20250113_wearDn33iot_Rapid,0,22.200001,1,0,2.0888,0.0138,0.0277,0.0192,0.1289,-0.1476,0.9821,0.04,0.01,0,0,-11.921,0,-6.921,0,13,5.079,5,-3.395,0,0,0,1.976,2.0344,-0.0584,1,0,3.3,0,0.0024,0.0895
v20250113_wearDn33iot_Rapid,0,22.299999,1,0,2.0968,-0.0043,0.0213,0.0043,0.1251,-0.137,0.9943,0.04,0.01,0,0,-11.615,0,-6.615,0,13,5.385,5,-3.069,0,0,0,1.9765,2.0451,-0.0686,1,0,3.3,0,0.0137,0.1304
v20250113_wearDn33iot_Rapid,0,22.4,1,0,1.9776,-0.0117,-0.0021,0.0043,0.1304,-0.1455,0.9901,0.04,0.01,0,0,-11.621,0,-6.621,0,13,5.379,5,-3.169,0,0,0,1.9767,2.039,-0.0623,1,0,3.3,0,0.0315,0.0132
v20250113_wearDn33iot_Rapid,0,22.5,1,0,1.9808,-0.0043,-0.0021,0.0043,0.1344,-0.1473,0.9845,0.04,0.01,0,0,-11.758,0,-6.758,0,13,5.242,5,-3.296,0,0,0,1.9768,2.027,-0.0502,1,0,3.3,0,0.0002,-0.0738
v20250113_wearDn33iot_Rapid,0,22.6,1,0,1.9655,0.0117,0.0277,-0.0032,0.1404,-0.1503,0.9786,0.04,0.01,0,0,-12.018,0,-7.018,0,13,4.982,5,-3.472,0,0,0,1.9768,2.0169,-0.0401,1,0,3.3,0,-0.0502,0.006
v20250113_wearDn33iot_Rapid,0,22.700001,1,0,2.1533,0.1449,0.2184,-0.0053,0.16,-0.1704,0.9415,0.04,0.01,0,0,-12.674,0,-7.674,0,13,4.143,5,-4.326,0,0,0,1.9772,2.0288,-0.0516,1,0,3.3,0,-0.23,1.3522
v20250113_wearDn33iot_Rapid,0,22.799999,1,0,2.2121,0.3984,0.6029,-0.0948,0.1038,-0.1594,0.9225,0.04,0.01,0,0,-11.63,0,-6.63,0,13,5.37,5,-4.506,0,0,0,1.9783,2.0647,-0.0864,1,0,3.3,0,-0.5022,4.8082
v20250113_wearDn33iot_Rapid,0,22.9,1,0,2.196,0.44,0.6839,0.0341,0.0516,-0.0906,0.9628,0.04,0.01,0,0,-9.334,0,-4.334,0,13,7.666,5,-2.336,0,0,0,1.9793,2.0922,-0.1128,1,0,3.3,0,-0.453,7.1009
v20250113_wearDn33iot_Rapid,0,23,1,0,2.1242,0.3856,0.6242,0.0426,-0.1053,0,1.0498,0.04,0.01,0,0,-3.731,0,1.269,0,13,13.269,5,1.457,0,0,0,1.9801,2.1035,-0.1234,1,0,3.3,0,0.1837,6.4842
v20250113_wearDn33iot_Rapid,0,23.1,1,0,2.1396,0.3952,0.7563,-0.0266,-0.1442,0.035,0.9722,0.04,0.01,0,0,0.556,0,5.556,0,13,17.556,5,4.443,0,0,0,1.981,2.1127,-0.1318,1,0,3.3,0,0.2567,5.7
v20250113_wearDn33iot_Rapid,0,23.200001,1,0,2.1629,0.4559,0.9289,-0.0511,-0.2604,0.0923,0.9036,0.04,0.01,0,0,6.593,0,11.593,0,13,23.593,5,7.826,0,0,0,1.9818,2.1212,-0.1394,1,0,3.3,0,-0.2199,5.8672
v20250113_wearDn33iot_Rapid,0,23.299999,1,0,2.1855,0.4069,0.7329,0.0373,-0.4114,0.1714,0.9219,0.04,0.01,0,0,13.561,0,18.561,0,13,30.561,5,11.846,0,0,0,1.9828,2.1336,-0.1508,1,0,3.3,0,0.0043,4.4549
v20250113_wearDn33iot_Rapid,0,23.4,1,0,2.225,0.3249,0.5433,-0.0011,-0.4631,0.2024,0.9009,0.04,0.01,0,0,18.636,0,23.636,0,13,35.636,5,15.052,0,0,0,1.9838,2.1472,-0.1633,1,0,3.3,0,0.3669,1.4281
v20250113_wearDn33iot_Rapid,0,23.5,1,0,2.171,0.2035,0.3803,-0.016,-0.4755,0.2073,0.8707,0.04,0.01,0,0,21.888,0,26.888,0,13,38.888,5,17.12,0,0,0,1.9847,2.1524,-0.1677,1,0,3.3,0,0.3366,-1.491
v20250113_wearDn33iot_Rapid,0,23.6,1,0,2.1613,0.1502,0.2812,0.0021,-0.5222,0.2112,0.8558,0.04,0.01,0,0,24.879,0,29.879,0,13,41.879,5,18.434,0,0,0,1.9857,2.1558,-0.1701,1,0,3.3,0,0.2753,-3.5522
v20250113_wearDn33iot_Rapid,0,23.700001,1,0,2.1895,0.2162,0.261,0.0437,-0.546,0.2573,0.8363,0.04,0.01,0,0,27.07,0,32.07,0,13,44.07,5,20.765,0,0,0,1.9866,2.1604,-0.1738,1,0,3.3,0,0.2917,-3.9044
v20250113_wearDn33iot_Rapid,0,23.799999,1,0,2.1734,0.1641,0.2365,0.0586,-0.559,0.2864,0.8182,0.04,0.01,0,0,28.599,0,33.599,0,13,45.599,5,23.087,0,0,0,1.9877,2.1689,-0.1813,1,0,3.3,0,0.2636,-3.6535
v20250113_wearDn33iot_Rapid,0,23.9,1,0,2.1855,0.1033,0.1832,0.0043,-0.5876,0.2994,0.7949,0.04,0.01,0,0,30.301,0,35.301,0,13,47.301,5,24.963,0,0,0,1.9886,2.1711,-0.1825,1,0,3.3,0,0.2205,-3.5935
v20250113_wearDn33iot_Rapid,0,24,1,0,2.1726,0.0426,0.1044,0.0149,-0.6019,0.3062,0.7662,0.04,0.01,0,0,31.871,0,36.871,0,13,48.871,5,26.507,0,0,0,1.9895,2.1714,-0.1819,1,0,3.3,0,0.1092,-3.7697
v20250113_wearDn33iot_Rapid,0,24.1,1,0,2.1774,0.0021,0.1087,-0.0224,-0.5999,0.3005,0.7648,0.04,0.01,0,0,32.666,0,37.666,0,13,49.666,5,27.129,0,0,0,1.9905,2.1759,-0.1854,1,0,3.3,0,-0.005,-3.4987
v20250113_wearDn33iot_Rapid,0,24.200001,1,0,2.1653,0.0501,0.1374,-0.0032,-0.6039,0.2798,0.7408,0.04,0.01,0,0,33.674,0,38.674,0,13,50.674,5,27.06,0,0,0,1.9914,2.1721,-0.1807,1,0,3.3,0,-0.1696,-2.6313
v20250113_wearDn33iot_Rapid,0,24.299999,1,0,2.2105,0.049,0.1896,-0.0181,-0.6198,0.3,0.7366,0.04,0.01,0,0,34.479,0,39.479,0,13,51.479,5,27.772,0,0,0,1.9923,2.1714,-0.1792,1,0,3.3,0,-0.2047,-1.5177
v20250113_wearDn33iot_Rapid,0,24.4,1,0,2.1645,0.0863,0.1587,-0.066,-0.6483,0.2916,0.7246,0.04,0.01,0,0,35.777,0,40.777,0,13,52.777,5,28.014,0,0,0,1.993,2.1662,-0.1731,1,0,3.3,0,-0.1015,-0.7395
v20250113_wearDn33iot_Rapid,0,24.5,1,0,2.1275,0.0202,0.032,-0.0075,-0.6779,0.3275,0.7617,0.04,0.01,0,0,36.189,0,41.189,0,13,53.189,5,28.809,0,0,0,1.9937,2.159,-0.1652,1,0,3.3,0,0.2562,-1.1696
v20250113_wearDn33iot_Rapid,0,24.6,1,0,2.1388,-0.032,-0.065,-0.033,-0.6742,0.3101,0.7185,0.04,0.01,0,0,37.131,0,42.131,0,13,54.131,5,29.241,0,0,0,1.9945,2.1539,-0.1595,1,0,3.3,0,0.3205,-1.366
v20250113_wearDn33iot_Rapid,0,24.700001,1,0,2.1428,-0.0724,-0.0916,-0.0138,-0.6554,0.2966,0.7234,0.04,0.01,0,0,37.206,0,42.206,0,13,54.206,5,28.899,0,0,0,1.9952,2.1511,-0.1559,1,0,3.3,0,0.0761,-0.8048
v20250113_wearDn33iot_Rapid,0,24.799999,1,0,2.146,-0.0842,-0.066,-0.0234,-0.6276,0.2836,0.7241,0.04,0.01,0,0,36.695,0,41.695,0,13,53.695,5,28.222,0,0,0,1.9959,2.1499,-0.1539,1,0,3.3,0,-0.133,-0.4526
v20250113_wearDn33iot_Rapid,0,24.9,1,0,2.0147,-0.0458,-0.0352,0.0266,-0.6401,0.2767,0.7305,0.04,0.01,0,0,36.644,0,41.644,0,13,53.644,5,27.553,0,0,0,1.9965,2.1407,-0.1441,1,0,3.3,0,-0.2145,-0.5014
v20250113_wearDn33iot_Rapid,0,25,1,0,1.9155,-0.0373,-0.065,0.0181,-0.6366,0.2709,0.7366,0.04,0.01,0,0,36.458,0,41.458,0,13,53.458,5,26.906,0,0,0,1.9962,2.0939,-0.0977,1,0,3.3,0,-0.1488,-0.5182
v20250113_wearDn33iot_Rapid,0,25.1,1,0,1.9341,-0.0202,-0.0629,-0.0043,-0.6118,0.28,0.7404,0.04,0.01,0,0,35.662,0,40.662,0,13,52.662,5,26.831,0,0,0,1.9959,2.0575,-0.0616,1,0,3.3,0,-0.1823,-0.4112
v20250113_wearDn33iot_Rapid,0,25.200001,1,0,1.9308,-0.0341,-0.0511,0.0138,-0.6125,0.2888,0.7549,0.04,0.01,0,0,34.965,0,39.965,0,13,51.965,5,26.896,0,0,0,1.9956,2.0304,-0.0348,1,0,3.3,0,-0.1051,-0.389
v20250113_wearDn33iot_Rapid,0,25.299999,1,0,1.9357,-0.0245,-0.0362,0.0075,-0.6097,0.2793,0.7463,0.04,0.01,0,0,34.737,0,39.737,0,13,51.737,5,26.704,0,0,0,1.9953,2.0099,-0.0146,1,0,3.3,0,-0.0862,-0.3952
v20250113_wearDn33iot_Rapid,0,25.4,1,0,1.9389,-0.0266,-0.0181,0.0021,-0.6189,0.2867,0.7539,0.04,0.01,0,0,34.65,0,39.65,0,13,51.65,5,26.756,0,0,0,1.995,1.9924,0.0026,1,0,3.3,0,-0.0233,-0.4773
v20250113_wearDn33iot_Rapid,0,25.5,1,0,1.9518,-0.0405,-0.0522,-0.0032,-0.6378,0.2911,0.765,0.04,0.01,0,0,34.809,0,39.809,0,13,51.809,5,26.778,0,0,0,1.9948,1.9821,0.0128,0.908,1,3.3,0,0.1564,-0.2576
v20250113_wearDn33iot_Rapid,0,25.6,1,0,1.727,-0.0937,-0.1182,0.0032,-0.629,0.2937,0.7634,0.04,0.01,0,0,34.687,0,39.687,0,13,51.687,5,26.878,0,0,0,1.9948,1.958,0.0368,0.106,1,3.3,0,0.2282,0.4046
v20250113_wearDn33iot_Rapid,0,25.700001,1,0,1.6021,-0.1257,-0.1736,-0.0202,-0.6147,0.269,0.7699,0.04,0.01,1,0,34.338,0,39.338,0,13,51.338,5,25.986,0,0,0,1.9948,1.8807,0.1141,0,1,3.3,0,0.135,1.1856
v20250113_wearDn33iot_Rapid,0,25.799999,1,0,1.5585,-0.1172,-0.1438,-0.0117,-0.5592,0.2491,0.7795,0.04,0.01,1,0,32.803,0,37.803,0,13,49.803,5,24.701,0,0,0,1.9948,1.8124,0.1824,0,1,3.3,0,-0.1028,1.2814
v20250113_wearDn33iot_Rapid,0,25.9,1,0,1.6665,-0.0937,-0.1023,0.0138,-0.5319,0.2233,0.7908,0.04,0.01,1,0,31.293,0,36.293,0,13,48.293,5,23.029,0,0,0,1.9948,1.7634,0.2314,0,1,3.3,0,-0.3319,0.7778
v20250113_wearDn33iot_Rapid,0,26,1,0,1.5892,-0.0522,-0.0394,0.0202,-0.5669,0.2339,0.8107,0.04,0.01,1,0,31.006,0,36.006,0,13,48.006,5,22.376,0,0,0,1.9948,1.7263,0.2685,0,1,3.3,0,-0.1846,-0.0307
v20250113_wearDn33iot_Rapid,0,26.1,1,0,1.5561,-0.1268,-0.2908,-0.0224,-0.6265,0.2692,0.864,0.04,0.01,1,0,31.229,0,36.229,0,13,48.229,5,22.649,0,0,0,1.9948,1.6887,0.3061,0,1,3.3,0,0.4562,0.8089
v20250113_wearDn33iot_Rapid,0,26.200001,1,0,1.5295,-0.2525,-0.44,-0.0469,-0.5231,0.2251,0.8301,0.04,0.01,1,0,29.606,0,34.606,0,13,46.606,5,21.643,0,0,0,1.9948,1.6565,0.3383,0,1,3.3,0,0.3603,2.7956
v20250113_wearDn33iot_Rapid,0,26.299999,1,0,1.4844,-0.229,-0.3558,-0.0117,-0.4628,0.1823,0.8654,0.04,0.01,1,0,26.923,0,31.923,0,13,43.923,5,19.41,0,0,0,1.9948,1.6217,0.3731,0,1,3.3,0,-0.103,3.0622
v20250113_wearDn33iot_Rapid,0,26.4,1,0,1.4538,-0.229,-0.3696,0.0128,-0.4423,0.1709,0.8987,0.04,0.01,1,0,24.604,0,29.604,0,13,41.604,5,17.718,0,0,0,1.9948,1.5849,0.4099,0,1,3.3,0,-0.1132,2.4551
v20250113_wearDn33iot_Rapid,0,26.5,1,0,1.4546,-0.228,-0.326,0.0107,-0.3862,0.1393,0.918,0.04,0.01,1,0,21.785,0,26.785,0,13,38.785,5,15.754,0,0,0,1.9948,1.5541,0.4407,0,1,3.3,0,-0.1347,1.7389
v20250113_wearDn33iot_Rapid,0,26.6,1,0,1.4586,-0.1726,-0.2407,0.0117,-0.3536,0.0969,0.9149,0.04,0.01,1,0,19.555,0,24.555,0,13,36.555,5,13.451,0,0,0,1.9948,1.5323,0.4625,0,1,3.3,0,-0.2447,0.5292
v20250113_wearDn33iot_Rapid,0,26.700001,1,0,1.5021,-0.1395,-0.2205,-0.0149,-0.3479,0.1024,0.9445,0.04,0.01,1,0,17.931,0,22.931,0,13,34.931,5,12.377,0,0,0,1.9948,1.52,0.4748,0,1,3.3,0,-0.1853,-0.4769
v20250113_wearDn33iot_Rapid,0,26.799999,1,0,1.5021,-0.1108,-0.1875,-0.016,-0.3083,0.087,0.9314,0.04,0.01,1,0,16.148,0,21.148,0,13,33.148,5,11.401,0,0,0,1.9948,1.5106,0.4842,0,1,3.3,0,-0.1714,-1.0898
v20250113_wearDn33iot_Rapid,0,26.9,1,0,1.4973,-0.1427,-0.2226,-0.0202,-0.3215,0.0972,0.9686,0.04,0.01,1,0,15.246,0,20.246,0,13,32.246,5,11.11,0,0,0,1.9948,1.5071,0.4877,0,1,3.3,0,-0.0402,-1.0374
v20250113_wearDn33iot_Rapid,0,27,1,0,1.5207,-0.1875,-0.2844,-0.0192,-0.2821,0.0677,0.9594,0.04,0.01,1,0,13.798,0,18.798,0,13,30.798,5,10.091,0,0,0,1.9948,1.5099,0.4849,0,1,3.3,0,0.0532,-0.3014
v20250113_wearDn33iot_Rapid,0,27.1,1,0,1.5585,-0.1768,-0.277,0.0021,-0.2301,0.0278,0.9666,0.04,0.01,1,0,11.553,0,16.553,0,13,28.553,5,8.35,0,0,0,1.9948,1.5172,0.4776,0,1,3.3,0,-0.0819,0.1391
ir tone played,,,,,,,,,,,,,,,,,,,,,,,,,,,,,,,,,,,
v20250113_wearDn33iot_Rapid,0,27.200001,1,0,1.5747,-0.1726,-0.342,0.0213,-0.2113,0.0217,0.989,0.04,0.01,1,1,9.715,0,14.715,0,13,26.715,5,7.278,0,0,1,1.9948,1.5268,0.468,0,1,3.3,0,-0.0042,0.514
v20250113_wearDn33iot_Rapid,0,27.299999,1,0,1.5884,-0.1619,-0.3356,0.032,-0.1788,-0.0101,0.9912,0.04,0.01,1,1,7.846,0,12.846,0,13,24.846,5,5.796,0,0,1,1.9948,1.5384,0.4564,0,1,3.3,0,0.029,0.7077
v20250113_wearDn33iot_Rapid,0,27.4,1,0,1.6141,-0.0969,-0.1332,-0.0032,-0.0717,-0.0419,0.9773,0.04,0.01,1,1,3.846,0,8.846,0,13,20.846,5,4.101,0,0,1,1.9948,1.554,0.4408,0,1,3.3,0,-0.1021,-0.503
v20250113_wearDn33iot_Rapid,0,27.5,1,0,1.6464,-0.1065,-0.2173,-0.0181,-0.165,-0.0006,1.0618,0.04,0.01,1,1,4.151,0,9.151,0,13,21.151,5,4.483,0,0,1,1.9948,1.5717,0.4231,0,1,3.3,0,0.2689,-1.0679
v20250113_wearDn33iot_Rapid,0,27.6,1,0,1.569,-0.179,-0.376,0.0043,-0.1254,-0.0105,1.0231,0.04,0.01,1,1,3.351,0,8.351,0,13,20.351,5,4.39,0,0,1,1.9948,1.5932,0.4016,0,1,3.3,0,0.4465,0.1519
v20250113_wearDn33iot_Rapid,0,27.700001,1,0,1.6141,-0.1832,-0.2983,0.0096,-0.0016,-0.0756,0.9802,0.04,0.01,1,1,-0.546,0,4.454,0,13,16.454,5,2.401,0,0,1,1.9948,1.5929,0.4019,0,1,3.3,0,-0.0162,0.663
v20250113_wearDn33iot_Rapid,0,27.799999,1,0,1.7116,-0.1214,-0.2322,-0.0032,-0.0042,-0.0811,0.9636,0.04,0.01,1,1,-2.461,0,2.539,0,13,14.539,5,1.197,0,0,1,1.9948,1.6136,0.3812,0,1,3.3,0,-0.3483,0.0277
v20250113_wearDn33iot_Rapid,0,27.9,1,0,1.8398,-0.0959,-0.2131,-0.0053,-0.021,-0.064,0.9854,0.04,0.01,1,1,-2.937,0,2.063,0,13,14.063,5,1.148,0,0,1,1.9948,1.6505,0.3444,0,1,3.3,0,-0.3734,-0.5819
v20250113_wearDn33iot_Rapid,0,28,1,0,1.6004,-0.0735,-0.2035,-0.0298,0.0188,-0.0717,0.9633,0.04,0.01,1,1,-4.362,0,0.638,0,13,12.638,5,0.853,0,0,1,1.9948,1.6495,0.3453,0,1,3.3,0,-0.3466,-0.8474
v20250113_wearDn33iot_Rapid,0,28.1,1,0,1.677,-0.0479,-0.1683,-0.0703,0.0491,-0.0815,0.9487,0.04,0.01,1,1,-6.016,0,-1.016,0,13,10.984,5,0.375,0,0,1,1.9948,1.6469,0.3479,0,1,3.3,0,-0.4569,-1.0175
v20250113_wearDn33iot_Rapid,0,28.201,1,0,1.6762,-0.0415,-0.1385,-0.0543,0.0601,-0.0989,0.9855,0.04,0.01,1,1,-7.115,0,-2.115,0,13,9.885,5,-0.28,0,0,1,1.9948,1.6566,0.3382,0,1,3.3,0,-0.2194,-1.1924
v20250113_wearDn33iot_Rapid,0,28.281,1,0,1.6826,-0.0128,-0.0394,-0.0149,0.0815,-0.0964,0.9493,0.04,0.01,1,1,-8.381,0,-3.381,0,13,8.619,5,-0.643,0,0,1,1.9948,1.6598,0.335,0,1,3.3,0,-0.184,-1.7528
v20250113_wearDn33iot_Rapid,0,28.391001,1,0,1.6351,-0.0011,0.017,-0.0096,0.064,-0.1056,1.0106,0.04,0.01,1,1,-8.36,0,-3.36,0,13,8.64,5,-0.909,0,0,1,1.9948,1.653,0.3418,0,1,3.3,0,0.074,-2.1398
v20250113_wearDn33iot_Rapid,0,28.490999,1,0,1.9848,0.017,-0.0064,-0.0117,0.0969,-0.1237,1.0251,0.04,0.01,1,1,-9.251,0,-4.251,0,13,7.749,5,-1.511,0,0,1,1.9948,1.6971,0.2977,0,1,3.3,0,0.4575,-1.9563
v20250113_wearDn33iot_Rapid,0,28.591,1,0,1.9397,0.0117,0.016,-0.0064,0.0502,-0.0846,0.9934,0.04,0.01,1,1,-8.423,0,-3.423,0,13,8.577,5,-0.784,0,0,1,1.9948,1.752,0.2428,0,1,3.3,0,0.3459,-1.5941
v20250113_wearDn33iot_Rapid,0,28.691,1,0,1.9462,-0.0128,0.0032,0.0138,0.0605,-0.0853,0.9683,0.04,0.01,1,1,-8.342,0,-3.342,0,13,8.658,5,-0.504,0,0,1,1.9948,1.7968,0.198,0,1,3.3,0,0.0117,-1.2098
v20250113_wearDn33iot_Rapid,0,28.791,1,0,1.9397,0.0043,0.0309,0.0021,0.1024,-0.1012,0.9846,0.04,0.01,1,1,-9.484,0,-4.484,0,13,7.516,5,-0.779,0,0,1,1.9948,1.8331,0.1618,0,1,3.3,0,-0.0587,-0.8231
v20250113_wearDn33iot_Rapid,0,28.891001,1,0,1.9421,-0.0021,0.0277,0.0021,0.0608,-0.1144,1.0156,0.04,0.01,1,1,-8.785,0,-3.785,0,13,8.215,5,-1.202,0,0,1,1.9948,1.8598,0.135,0,1,3.3,0,0.1517,-0.5127
v20250113_wearDn33iot_Rapid,0,28.990999,1,0,1.8712,0.0011,0.0117,-0.0096,0.0397,-0.1006,0.9979,0.04,0.01,1,1,-7.843,0,-2.843,0,13,9.157,5,-1.075,0,0,1,1.9948,1.8744,0.1204,0,1,3.3,0,0.1669,-0.4013
v20250113_wearDn33iot_Rapid,0,29.091,1,0,1.6311,-0.016,0.0181,-0.0064,0.0917,-0.0955,0.9764,0.04,0.01,1,1,-8.921,0,-3.921,0,13,8.079,5,-0.922,0,0,1,1.9948,1.8275,0.1674,0,1,3.3,0,-0.021,-0.2629
v20250113_wearDn33iot_Rapid,0,29.191,1,0,1.6375,0,-0.0053,-0.0064,0.0957,-0.1051,1.002,0.04,0.01,1,1,-9.512,0,-4.512,0,13,7.488,5,-1.046,0,0,1,1.9948,1.7858,0.209,0,1,3.3,0,0.0107,-0.2251
v20250113_wearDn33iot_Rapid,0,29.291,1,0,1.6214,-0.0021,0.016,-0.0117,0.1117,-0.1238,1.0148,0.04,0.01,1,1,-10.218,0,-5.218,0,13,6.782,5,-1.598,0,0,1,1.9948,1.7495,0.2453,0,1,3.3,0,0.1945,-0.1614
v20250113_wearDn33iot_Rapid,0,29.391001,1,0,1.5666,0.0149,0.0288,0,0.0375,-0.0864,0.9768,0.04,0.01,1,1,-8.491,0,-3.491,0,13,8.509,5,-0.901,0,0,1,1.9948,1.7138,0.281,0,1,3.3,0,0.0144,-0.0001
v20250113_wearDn33iot_Rapid,0,29.490999,1,0,1.7479,0.0224,0.0309,0,0.0861,-0.0937,0.9971,0.04,0.01,1,1,-9.006,0,-4.006,0,13,7.994,5,-0.714,0,0,1,1.9948,1.7155,0.2793,0,1,3.3,0,-0.073,0.121
v20250113_wearDn33iot_Rapid,0,29.591,1,0,1.7995,0.0032,-0.0043,0.0032,0.0684,-0.1151,1.03,0.04,0.01,1,1,-8.687,0,-3.687,0,13,8.313,5,-1.131,0,0,1,1.9948,1.7314,0.2634,0,1,3.3,0,0.1828,-0.0055
v20250113_wearDn33iot_Rapid,0,29.691,1,0,1.7882,-0.0032,-0.0032,0.0011,0.0487,-0.0715,0.9724,0.04,0.01,1,1,-8.052,0,-3.052,0,13,8.948,5,-0.236,0,0,1,1.9948,1.7455,0.2493,0,1,3.3,0,-0.0064,-0.1593
v20250113_wearDn33iot_Rapid,0,29.791,1,0,1.8019,0.0043,0.0138,0.0128,0.0803,-0.0837,0.9891,0.04,0.01,1,1,-8.62,0,-3.62,0,13,8.38,5,-0.101,0,0,1,1.9948,1.7601,0.2347,0,1,3.3,0,-0.1662,-0.0963
v20250113_wearDn33iot_Rapid,0,29.891001,1,0,1.7592,-0.0202,-0.0032,0.0064,0.0996,-0.0994,1.028,0.04,0.01,1,1,-9.356,0,-4.356,0,13,7.644,5,-0.379,0,0,1,1.9948,1.7636,0.2312,0,1,3.3,0,0.1151,-0.0123
v20250113_wearDn33iot_Rapid,0,29.990999,1,0,1.8059,-0.0107,-0.0043,0.0128,0.0176,-0.0807,0.9902,0.04,0.01,1,1,-7.435,0,-2.435,0,13,9.565,5,-0.08,0,0,1,1.9948,1.77,0.2248,0,1,3.3,0,0.0693,0.0031
v20250113_wearDn33iot_Rapid,0,30.091,1,0,1.7866,-0.0234,-0.0043,-0.0043,0.0541,-0.0681,0.9735,0.04,0.01,1,1,-7.549,0,-2.549,0,13,9.451,5,0.406,0,0,1,1.9948,1.7749,0.22,0,1,3.3,0,-0.1881,0.0289
v20250113_wearDn33iot_Rapid,0,30.191,1,0,1.7906,-0.0341,-0.0075,-0.0107,0.0916,-0.0822,0.9952,0.04,0.01,1,1,-8.655,0,-3.655,0,13,8.345,5,0.289,0,0,1,1.9948,1.7781,0.2167,0,1,3.3,0,-0.1439,0.1275
v20250113_wearDn33iot_Rapid,0,30.291,1,0,1.7955,-0.0341,-0.049,0.0075,0.0497,-0.1068,1.0237,0.04,0.01,1,1,-7.958,0,-2.958,0,13,9.042,5,-0.401,0,0,1,1.9948,1.7828,0.212,0,1,3.3,0,0.119,0.3001
v20250113_wearDn33iot_Rapid,0,30.391001,1,0,1.8084,-0.0352,-0.0075,0.016,0.0437,-0.0931,0.9878,0.04,0.01,1,1,-7.47,0,-2.47,0,13,9.53,5,-0.462,0,0,1,1.9948,1.79,0.2049,0,1,3.3,0,0.0704,0.2774
v20250113_wearDn33iot_Rapid,0,30.490999,1,0,1.8051,-0.032,-0.0064,0.0032,0.0923,-0.1045,0.9871,0.04,0.01,1,1,-8.639,0,-3.639,0,13,8.361,5,-0.825,0,0,1,1.9948,1.7958,0.199,0,1,3.3,0,-0.0637,0.1137
v20250113_wearDn33iot_Rapid,0,30.591,1,0,1.9703,-0.032,0,-0.0107,0.1021,-0.1171,1.0009,0.04,0.01,1,1,-9.472,0,-4.472,0,13,7.528,5,-1.327,0,0,1,1.9948,1.8141,0.1807,0,1,3.3,0,0.0203,0.0405
v20250113_wearDn33iot_Rapid,0,30.691,1,0,2.001,-0.016,0.0053,0,0.1041,-0.1237,1.0092,0.04,0.01,1,1,-9.924,0,-4.924,0,13,7.076,5,-1.74,0,0,1,1.9948,1.8568,0.138,0,1,3.3,0,0.1307,-0.0882
v20250113_wearDn33iot_Rapid,0,30.791,1,0,1.9881,-0.032,0.0085,0.0096,0.0707,-0.1276,1.0249,0.04,0.01,1,1,-9.164,0,-4.164,0,13,7.836,5,-2.007,0,0,1,1.9948,1.8892,0.1056,0,1,3.3,0,0.2511,-0.0747
v20250113_wearDn33iot_Rapid,0,30.891001,1,0,2.009,-0.0277,-0.0245,-0.0192,0.0875,-0.1321,1.0159,0.04,0.01,1,1,-9.27,0,-4.27,0,13,7.73,5,-2.301,0,0,1,1.9948,1.9153,0.0795,0,1,3.3,0,0.2489,0.0355
v20250113_wearDn33iot_Rapid,0,30.990999,1,0,1.9961,-0.0415,-0.0096,0.0117,0.0735,-0.136,1.0316,0.04,0.01,1,1,-8.887,0,-3.887,0,13,8.113,5,-2.502,0,0,1,1.9948,1.9366,0.0583,0,1,3.3,0,0.2686,0.0963
v20250113_wearDn33iot_Rapid,0,31.091,1,0,2.0074,-0.0277,-0.0064,0.0075,0.0406,-0.1132,0.9852,0.04,0.01,0,1,-7.824,0,-2.824,0,13,9.176,5,-2.114,0,0,1,1.9948,1.9556,0.0392,0.027,1,3.3,0,0.0124,0.032
v20250113_wearDn33iot_Rapid,0,31.191,1,0,1.9913,-0.0245,-0.0107,0.0096,0.045,-0.1178,0.9956,0.04,0.01,0,1,-7.392,0,-2.392,0,13,9.608,5,-2.016,0,0,1,1.9948,1.9675,0.0273,0.422,1,3.3,0,-0.188,-0.0486
v20250113_wearDn33iot_Rapid,0,31.291,1,0,2.001,-0.0053,-0.0117,0.0138,0.0538,-0.1079,1.0275,0.04,0.01,0,1,-7.377,0,-2.377,0,13,9.623,5,-1.578,0,0,1,1.9948,1.9782,0.0166,0.781,1,3.3,0,-0.0039,-0.1141
v20250113_wearDn33iot_Rapid,0,31.391001,1,0,2.0203,-0.0085,0.0011,0.0128,0.046,-0.1024,0.9711,0.04,0.01,0,1,-7.218,0,-2.218,0,13,9.782,5,-1.367,0,0,1,1.9949,1.9885,0.0064,1,0,3.3,0,-0.1687,-0.1732
v20250113_wearDn33iot_Rapid,0,31.490999,1,0,1.9921,-0.0085,-0.0096,0.0043,0.0497,-0.1063,0.9669,0.04,0.01,0,1,-7.25,0,-2.25,0,13,9.75,5,-1.388,0,0,1,1.995,1.9946,0.0004,1,0,3.3,0,-0.3998,-0.1805
v20250113_wearDn33iot_Rapid,0,31.593,1,0,1.9889,-0.0011,-0.0021,-0.0075,0.0409,-0.1027,0.988,0.04,0.01,0,0,-6.97,0,-1.97,0,13,10.03,5,-1.22,0,0,0,1.9951,1.9995,-0.0044,1,0,3.3,0,-0.2986,-0.1956
tone stopped,,,,,,,,,,,,,,,,,,,,,,,,,,,,,,,,,,,
v20250113_wearDn33iot_Rapid,0,31.693001,1,0,1.7681,0.0181,0.0298,0.0053,0.0573,-0.1138,0.9543,0.04,0.01,0,0,-7.359,0,-2.359,0,13,9.641,5,-1.575,0,0,0,1.9946,1.9574,0.0373,0.09,1,3.3,0,-0.3295,-0.0373
v20250113_wearDn33iot_Rapid,0,31.792999,1,0,1.7793,0.0107,0.0288,-0.0096,0.062,-0.1161,1.002,0.04,0.01,1,0,-7.611,0,-2.611,0,13,9.389,5,-1.658,0,0,0,1.9946,1.9127,0.082,0,1,3.3,0,-0.137,0.0937
v20250113_wearDn33iot_Rapid,0,31.893,1,0,1.7479,0.0277,0.0245,-0.0128,0.0648,-0.1135,1.0073,0.04,0.01,1,0,-7.808,0,-2.808,0,13,9.192,5,-1.606,0,0,0,1.9946,1.8735,0.1211,0,1,3.3,0,0.1472,0.1421
v20250113_wearDn33iot_Rapid,0,31.993,1,0,1.6585,0.016,0.0266,0.0107,0.0646,-0.1108,1.0023,0.04,0.01,1,0,-7.907,0,-2.907,0,13,9.093,5,-1.518,0,0,0,1.9946,1.8369,0.1578,0,1,3.3,0,0.1842,0.1349
v20250113_wearDn33iot_Rapid,0,32.092999,1,0,1.6319,0,-0.0064,-0.0011,0.058,-0.1088,1.0021,0.04,0.01,1,0,-7.768,0,-2.768,0,13,9.232,5,-1.414,0,0,0,1.9946,1.7933,0.2013,0,1,3.3,0,0.1667,-0.0557
v20250113_wearDn33iot_Rapid,0,32.181,1,0,1.648,0,0.0032,-0.0043,0.0662,-0.1051,1.0009,0.04,0.01,1,0,-7.93,0,-2.93,0,13,9.07,5,-1.26,0,0,0,1.9946,1.7626,0.2321,0,1,3.3,0,0.1182,-0.1938
v20250113_wearDn33iot_Rapid,0,32.291,1,0,1.6262,-0.0075,0.0021,0.0021,0.0583,-0.109,0.999,0.04,0.01,1,0,-7.788,0,-2.788,0,13,9.212,5,-1.298,0,0,0,1.9946,1.7299,0.2647,0,1,3.3,0,0.0801,-0.1963
v20250113_wearDn33iot_Rapid,0,32.390999,1,0,1.6198,-0.0053,-0.0138,-0.0075,0.0609,-0.1106,0.9993,0.04,0.01,1,0,-7.787,0,-2.787,0,13,9.213,5,-1.361,0,0,0,1.9946,1.7063,0.2884,0,1,3.3,0,0.0419,-0.1152
v20250113_wearDn33iot_Rapid,0,32.491001,1,0,1.5964,-0.0266,0,0.0075,0.0757,-0.1136,0.9943,0.04,0.01,1,0,-8.22,0,-3.22,0,13,8.78,5,-1.499,0,0,0,1.9946,1.6843,0.3103,0,1,3.3,0,0.0114,0.0151
v20250113_wearDn33iot_Rapid,0,32.591,1,0,1.4594,0.0064,0.0107,-0.0128,0.0585,-0.1066,1.0046,0.04,0.01,1,0,-7.92,0,-2.92,0,13,9.08,5,-1.326,0,0,0,1.9946,1.6465,0.3481,0,1,3.3,0,0.0238,0.0382
v20250113_wearDn33iot_Rapid,0,32.692001,1,0,1.4393,-0.0064,-0.0128,0.0043,0.0575,-0.1077,1.0033,0.04,0.01,1,0,-7.74,0,-2.74,0,13,9.26,5,-1.275,0,0,0,1.9946,1.6004,0.3942,0,1,3.3,0,0.0508,-0.0078
v20250113_wearDn33iot_Rapid,0,32.792,1,0,1.432,-0.0075,0.0053,-0.0043,0.0674,-0.1113,0.9943,0.04,0.01,1,0,-7.947,0,-2.947,0,13,9.053,5,-1.384,0,0,0,1.9946,1.5627,0.432,0,1,3.3,0,-0.0047,-0.0497
v20250113_wearDn33iot_Rapid,0,32.891998,1,0,1.4473,-0.0032,0.0138,-0.0053,0.0618,-0.1028,1.0052,0.04,0.01,1,0,-7.866,0,-2.866,0,13,9.134,5,-1.156,0,0,0,1.9946,1.5368,0.4578,0,1,3.3,0,0.0106,-0.0466
v20250113_wearDn33iot_Rapid,0,32.992001,1,0,1.4489,-0.0096,-0.0053,-0.0032,0.0663,-0.1086,0.9968,0.04,0.01,1,0,-7.968,0,-2.968,0,13,9.032,5,-1.234,0,0,0,1.9946,1.5156,0.479,0,1,3.3,0,0.0022,-0.038
v20250113_wearDn33iot_Rapid,0,33.091999,1,0,1.4626,-0.0128,0.0032,0.0096,0.0674,-0.1096,0.9951,0.04,0.01,1,0,-8.051,0,-3.051,0,13,8.949,5,-1.307,0,0,0,1.9946,1.5039,0.4907,0,1,3.3,0,-0.0344,-0.0208
v20250113_wearDn33iot_Rapid,0,33.192001,1,0,1.486,-0.0202,0.0043,0.0032,0.0603,-0.1083,1.0022,0.04,0.01,1,0,-7.873,0,-2.873,0,13,9.127,5,-1.283,0,0,0,1.9946,1.4968,0.4979,0,1,3.3,0,-0.0095,0.0344
ir tone played,,,,,,,,,,,,,,,,,,,,,,,,,,,,,,,,,,,
v20250113_wearDn33iot_Rapid,0,33.292,1,0,1.4739,-0.0107,0.0011,0.0053,0.0566,-0.1105,1.0048,0.04,0.01,1,1,-7.669,0,-2.669,0,13,9.331,5,-1.324,0,0,1,1.9946,1.4916,0.503,0,1,3.3,0,0.0339,0.0091
v20250113_wearDn33iot_Rapid,0,33.391998,1,0,1.4731,-0.0043,0.0043,0.0107,0.0762,-0.1145,1.0006,0.04,0.01,1,1,-8.133,0,-3.133,0,13,8.867,5,-1.473,0,0,1,1.9946,1.488,0.5066,0,1,3.3,0,0.0366,-0.025
v20250113_wearDn33iot_Rapid,0,33.492001,1,0,1.4763,-0.0032,0.0032,-0.0043,0.0328,-0.1025,1.0144,0.04,0.01,1,1,-7.102,0,-2.102,0,13,9.898,5,-1.162,0,0,1,1.9946,1.4849,0.5097,0,1,3.3,0,0.0782,-0.0623
v20250113_wearDn33iot_Rapid,0,33.591999,1,0,1.5223,-0.0032,-0.0117,-0.0043,0.09,-0.1249,1.0027,0.04,0.01,1,1,-8.229,0,-3.229,0,13,8.771,5,-1.679,0,0,1,1.9946,1.4856,0.509,0,1,3.3,0,0.0835,-0.0494
v20250113_wearDn33iot_Rapid,0,33.692001,1,0,1.4812,-0.0053,-0.0138,-0.0011,0.0607,-0.1184,1.0131,0.04,0.01,1,1,-7.944,0,-2.944,0,13,9.056,5,-1.722,0,0,1,1.9946,1.4839,0.5107,0,1,3.3,0,0.0882,-0.0032
v20250113_wearDn33iot_Rapid,0,33.792,1,0,1.4997,-0.0021,0.0096,0.0021,0.0913,-0.1255,1.0209,0.04,0.01,1,1,-8.644,0,-3.644,0,13,8.356,5,-1.915,0,0,1,1.9946,1.4836,0.5111,0,1,3.3,0,0.1627,-0.0105
v20250113_wearDn33iot_Rapid,0,33.891998,1,0,1.4844,-0.0032,0.0043,-0.0117,0.0623,-0.098,0.9771,0.04,0.01,1,1,-8.263,0,-3.263,0,13,8.737,5,-1.36,0,0,1,1.9946,1.4834,0.5112,0,1,3.3,0,-0.0691,-0.0094
v20250113_wearDn33iot_Rapid,0,33.992001,1,0,1.49,-0.0043,-0.0021,0.0032,0.0426,-0.09,0.9716,0.04,0.01,1,1,-7.49,0,-2.49,0,13,9.51,5,-0.854,0,0,1,1.9946,1.4853,0.5094,0,1,3.3,0,-0.3325,-0.0355
v20250113_wearDn33iot_Rapid,0,34.091999,1,0,1.4908,0.0011,0.0096,0.0021,0.0266,-0.0919,0.9836,0.04,0.01,1,1,-6.604,0,-1.604,0,13,10.396,5,-0.621,0,0,1,1.9946,1.4854,0.5093,0,1,3.3,0,-0.3126,-0.0405
v20250113_wearDn33iot_Rapid,0,34.192001,1,0,1.5005,-0.0149,0.0064,-0.0107,0.0946,-0.1113,1.0001,0.04,0.01,1,1,-8.102,0,-3.102,0,13,8.898,5,-1.019,0,0,1,1.9946,1.4857,0.5089,0,1,3.3,0,-0.1111,0.0317
v20250113_wearDn33iot_Rapid,0,34.292,1,0,1.4457,0.0085,-0.0043,0.0128,0.0334,-0.1144,1.0089,0.04,0.01,1,1,-7.089,0,-2.089,0,13,9.911,5,-1.279,0,0,1,1.9946,1.4852,0.5094,0,1,3.3,0,0.0752,0.0595
v20250113_wearDn33iot_Rapid,0,34.391998,1,0,1.4715,-0.0107,-0.0064,-0.0085,0.0742,-0.1194,1.0289,0.04,0.01,1,1,-7.699,0,-2.699,0,13,9.301,5,-1.489,0,0,1,1.9946,1.4817,0.513,0,1,3.3,0,0.2532,0.0429
v20250113_wearDn33iot_Rapid,0,34.492001,1,0,1.4505,-0.0107,0.0021,-0.0075,0.0597,-0.0959,0.9822,0.04,0.01,1,1,-7.682,0,-2.682,0,13,9.318,5,-1.065,0,0,1,1.9946,1.4771,0.5176,0,1,3.3,0,0.0915,0.02
v20250113_wearDn33iot_Rapid,0,34.591999,1,0,1.4892,0,-0.0075,0.0075,0.0414,-0.093,1.0234,0.04,0.01,1,1,-7.082,0,-2.082,0,13,9.918,5,-0.651,0,0,1,1.9946,1.4749,0.5198,0,1,3.3,0,0.0614,-0.0114
v20250113_wearDn33iot_Rapid,0,34.692001,1,0,1.6697,-0.0107,-0.0128,0.0096,0.0713,-0.1222,1.0236,0.04,0.01,1,1,-7.617,0,-2.617,0,13,9.383,5,-1.263,0,0,1,1.9946,1.5031,0.4916,0,1,3.3,0,0.2282,0.0181
v20250113_wearDn33iot_Rapid,0,34.792,1,0,1.7793,-0.0128,0.0011,-0.0011,0.0669,-0.0956,0.9753,0.04,0.01,1,1,-7.861,0,-2.861,0,13,9.139,5,-0.958,0,0,1,1.9946,1.5579,0.4368,0,1,3.3,0,-0.048,0.0191
v20250113_wearDn33iot_Rapid,0,34.891998,1,0,1.8237,0,0.0096,0.0075,0.0424,-0.0947,0.9696,0.04,0.01,1,1,-7.26,0,-2.26,0,13,9.74,5,-0.791,0,0,1,1.9946,1.618,0.3766,0,1,3.3,0,-0.3111,-0.0118
v20250113_wearDn33iot_Rapid,0,34.992001,1,0,1.8221,0.0021,0.0021,0.0085,0.0452,-0.1141,1.0229,0.04,0.01,1,1,-6.964,0,-1.964,0,13,10.036,5,-1.108,0,0,1,1.9946,1.6676,0.3271,0,1,3.3,0,-0.0819,-0.0343
v20250113_wearDn33iot_Rapid,0,35.091999,1,0,1.8897,-0.0075,0.0266,0.0011,0.0879,-0.1138,0.9784,0.04,0.01,1,1,-8.129,0,-3.129,0,13,8.871,5,-1.404,0,0,1,1.9946,1.7121,0.2825,0,1,3.3,0,-0.0289,0.0494
v20250113_wearDn33iot_Rapid,0,35.192001,1,0,1.9099,0.0117,0.0096,-0.0032,0.0386,-0.0864,0.9865,0.04,0.01,1,1,-7.26,0,-2.26,0,13,9.74,5,-0.723,0,0,1,1.9946,1.7551,0.2395,0,1,3.3,0,-0.1608,0.0687
v20250113_wearDn33iot_Rapid,0,35.292,1,0,1.9155,0.0032,-0.0053,0.0011,0.0494,-0.1108,1.0211,0.04,0.01,1,1,-7.084,0,-2.084,0,13,9.916,5,-0.984,0,0,1,1.9946,1.79,0.2047,0,1,3.3,0,0.0663,-0.0345
v20250113_wearDn33iot_Rapid,0,35.391998,1,0,1.9115,-0.0011,0.017,0.0011,0.0646,-0.0889,0.9867,0.04,0.01,1,1,-7.487,0,-2.487,0,13,9.513,5,-0.582,0,0,1,1.9946,1.8162,0.1785,0,1,3.3,0,0.0367,-0.0229
v20250113_wearDn33iot_Rapid,0,35.492001,1,0,1.9179,-0.0181,0.0021,0.0096,0.0277,-0.082,0.9802,0.04,0.01,1,1,-6.612,0,-1.612,0,13,10.388,5,-0.193,0,0,1,1.9946,1.8378,0.1568,0,1,3.3,0,-0.1323,0.0324
v20250113_wearDn33iot_Rapid,0,35.591999,1,0,1.9196,-0.017,-0.0224,0.0053,0.0665,-0.1238,1.0264,0.04,0.01,1,1,-7.223,0,-2.223,0,13,9.777,5,-1.062,0,0,1,1.9946,1.8566,0.1381,0,1,3.3,0,0.0864,0.0997
v20250113_wearDn33iot_Rapid,0,35.692001,1,0,1.9413,-0.016,-0.0032,-0.0085,0.0908,-0.1228,1.0083,0.04,0.01,1,1,-8.26,0,-3.26,0,13,8.74,5,-1.537,0,0,1,1.9946,1.8744,0.1202,0,1,3.3,0,0.2316,0.0752
v20250113_wearDn33iot_Rapid,0,35.792,1,0,1.9357,-0.0043,-0.0032,0.0011,0.0336,-0.0922,0.9706,0.04,0.01,1,1,-7.187,0,-2.187,0,13,9.813,5,-1.003,0,0,1,1.9946,1.8879,0.1067,0,1,3.3,0,-0.0688,-0.047
v20250113_wearDn33iot_Rapid,0,35.891998,1,0,1.9333,-0.0043,-0.0128,-0.0053,0.0699,-0.1212,1.0344,0.04,0.01,1,1,-7.593,0,-2.593,0,13,9.407,5,-1.373,0,0,1,1.9946,1.8986,0.096,0,1,3.3,0,0.0861,-0.0702
v20250113_wearDn33iot_Rapid,0,35.992001,1,0,1.9316,0.0138,-0.0021,-0.0032,0.0734,-0.1267,1.0222,0.04,0.01,1,1,-7.916,0,-2.916,0,13,9.084,5,-1.754,0,0,1,1.9946,1.9062,0.0885,0,1,3.3,0,0.2873,-0.0364
v20250113_wearDn33iot_Rapid,0,36.091999,1,0,1.9325,-0.0032,0.0138,-0.0075,0.054,-0.0823,0.9795,0.04,0.01,1,1,-7.602,0,-2.602,0,13,9.398,5,-0.794,0,0,1,1.9946,1.9132,0.0815,0,1,3.3,0,-0.0113,-0.0174
v20250113_wearDn33iot_Rapid,0,36.192001,1,0,1.9381,-0.017,-0.0202,-0.0096,0.0328,-0.0992,1.0117,0.04,0.01,1,1,-6.784,0,-1.784,0,13,10.216,5,-0.715,0,0,1,1.9946,1.9209,0.0738,0,1,3.3,0,-0.0714,0.065
v20250113_wearDn33iot_Rapid,0,36.292,1,0,1.9486,0,-0.0192,0.0085,0.048,-0.1073,1.0205,0.04,0.01,1,1,-6.787,0,-1.787,0,13,10.213,5,-0.878,0,0,1,1.9946,1.9282,0.0664,0,1,3.3,0,0.0848,0.0807
v20250113_wearDn33iot_Rapid,0,36.391998,1,0,1.9494,-0.0149,-0.0043,0.0021,0.0731,-0.1003,0.986,0.04,0.01,1,1,-7.573,0,-2.573,0,13,9.427,5,-0.864,0,0,1,1.9946,1.9343,0.0603,0,1,3.3,0,-0.0392,0.0203
v20250113_wearDn33iot_Rapid,0,36.492001,1,0,1.9397,-0.0075,-0.0107,-0.0053,0.0331,-0.0988,1.001,0.04,0.01,1,1,-6.782,0,-1.782,0,13,10.218,5,-0.765,0,0,1,1.9946,1.9401,0.0545,0,1,3.3,0,-0.1124,-0.0246
v20250113_wearDn33iot_Rapid,0,36.591999,1,0,1.9502,-0.0096,-0.0149,0.0043,0.0472,-0.1057,1.0149,0.04,0.01,1,1,-6.768,0,-1.768,0,13,10.232,5,-0.875,0,0,1,1.9946,1.9425,0.0521,0,1,3.3,0,0.0126,-0.0192
v20250113_wearDn33iot_Rapid,0,36.692001,1,0,1.976,-0.0053,0,0,0.0924,-0.1102,1.0023,0.04,0.01,1,1,-8.078,0,-3.078,0,13,8.922,5,-1.096,0,0,1,1.9946,1.9505,0.0441,0,1,3.3,0,0.0424,-0.0694
v20250113_wearDn33iot_Rapid,0,36.792,1,0,1.9518,-0.0256,0.0053,0.0064,0.0977,-0.104,0.9891,0.04,0.01,1,1,-8.933,0,-3.933,0,13,8.067,5,-1.07,0,0,1,1.9946,1.9523,0.0424,0,1,3.3,0,-0.0523,-0.0056
v20250113_wearDn33iot_Rapid,0,36.891998,1,0,1.9502,0.0011,0.0011,0.0053,0.0154,-0.0822,0.988,0.04,0.01,1,1,-6.963,0,-1.963,0,13,10.037,5,-0.416,0,0,1,1.9946,1.9522,0.0424,0,1,3.3,0,-0.1572,-0.02
v20250113_wearDn33iot_Rapid,0,36.992001,1,0,1.9792,-0.016,-0.0107,-0.0021,0.0681,-0.1189,1.026,0.04,0.01,1,1,-7.428,0,-2.428,0,13,9.572,5,-1.033,0,0,1,1.9946,1.9546,0.0401,0,1,3.3,0,0.0438,-0.0312
v20250113_wearDn33iot_Rapid,0,37.091999,1,0,1.9349,-0.0096,0.0032,0.0107,0.0782,-0.1268,1.0271,0.04,0.01,1,1,-7.944,0,-2.944,0,13,9.056,5,-1.565,0,0,1,1.9946,1.9538,0.0408,0,1,3.3,0,0.2591,0.009
v20250113_wearDn33iot_Rapid,0,37.192001,1,0,1.9494,-0.0064,0.0181,-0.0181,0.0713,-0.0983,0.9825,0.04,0.01,1,1,-8.105,0,-3.105,0,13,8.895,5,-1.158,0,0,1,1.9946,1.9541,0.0406,0,1,3.3,0,0.0279,0.0494
v20250113_wearDn33iot_Rapid,0,37.292,1,0,1.6891,-0.0064,-0.0096,0.0149,0.0254,-0.0985,0.9973,0.04,0.01,1,1,-6.823,0,-1.823,0,13,10.177,5,-0.915,0,0,1,1.9946,1.9248,0.0698,0,1,3.3,0,-0.1306,0.0698
v20250113_wearDn33iot_Rapid,0,37.391998,1,0,1.6697,0.0053,-0.0011,-0.0053,0.0413,-0.1102,1.0121,0.04,0.01,1,1,-6.61,0,-1.61,0,13,10.39,5,-1.084,0,0,1,1.9946,1.8703,0.1243,0,1,3.3,0,-0.0229,-0.0363
v20250113_wearDn33iot_Rapid,0,37.492001,1,0,1.6834,0.0043,0.0064,-0.0138,0.084,-0.1134,0.9993,0.04,0.01,1,1,-7.751,0,-2.751,0,13,9.249,5,-1.301,0,0,1,1.9946,1.8264,0.1682,0,1,3.3,0,0.0042,-0.041
v20250113_wearDn33iot_Rapid,0,37.591999,1,0,1.673,0.0224,0.0043,-0.0117,0.0667,-0.089,0.9933,0.04,0.01,1,1,-7.848,0,-2.848,0,13,9.152,5,-0.717,0,0,1,1.9946,1.7913,0.2034,0,1,3.3,0,-0.0709,0.0326
v20250113_wearDn33iot_Rapid,0,37.692001,1,0,1.6818,0.0011,0.0043,0.0096,0.0337,-0.1007,1.0187,0.04,0.01,1,1,-6.906,0,-1.906,0,13,10.094,5,-0.691,0,0,1,1.9946,1.7625,0.2321,0,1,3.3,0,0.0184,0.0082
v20250113_wearDn33iot_Rapid,0,37.792,1,0,1.6722,-0.0011,0.0128,-0.016,0.0696,-0.0826,0.9922,0.04,0.01,1,1,-7.502,0,-2.502,0,13,9.498,5,-0.227,0,0,1,1.9946,1.7411,0.2535,0,1,3.3,0,-0.0101,-0.0067
v20250113_wearDn33iot_Rapid,0,37.891998,1,0,1.6456,0.0202,0.0383,-0.0011,0.0406,-0.0847,0.963,0.04,0.01,1,1,-6.99,0,-1.99,0,13,10.01,5,-0.123,0,0,1,1.9946,1.7212,0.2735,0,1,3.3,0,-0.2773,0.1578
v20250113_wearDn33iot_Rapid,0,37.992001,1,0,1.6359,0.0288,0.0703,-0.033,0.0514,-0.1047,1.0438,0.04,0.01,1,1,-6.928,0,-1.928,0,13,10.072,5,-0.428,0,0,1,1.9946,1.7043,0.2903,0,1,3.3,0,0.0378,0.4577
v20250113_wearDn33iot_Rapid,0,38.091999,1,0,1.6665,-0.033,-0.0405,-0.0096,0.0227,-0.0638,0.9945,0.04,0.01,1,1,-6.142,0,-1.142,0,13,10.858,5,0.458,0,0,1,1.9946,1.6932,0.3015,0,1,3.3,0,0.1195,0.4582
v20250113_wearDn33iot_Rapid,0,38.192001,1,0,1.6794,-0.0415,-0.0639,0.0021,0.0096,-0.0739,1.0029,0.04,0.01,1,1,-5.356,0,-0.356,0,13,11.644,5,0.633,0,0,1,1.9946,1.6871,0.3076,0,1,3.3,0,-0.0296,0.3953
v20250113_wearDn33iot_Rapid,0,38.292,1,0,1.6609,-0.0373,-0.0426,0.0107,0.0918,-0.1138,0.9882,0.04,0.01,1,1,-7.361,0,-2.361,0,13,9.639,5,-0.475,0,0,1,1.9946,1.6836,0.3111,0,1,3.3,0,-0.0382,0.3143
v20250113_wearDn33iot_Rapid,0,38.391998,1,0,1.9736,0.0202,0.0256,-0.0192,0.0199,-0.0959,0.9885,0.04,0.01,1,1,-6.275,0,-1.275,0,13,10.725,5,-0.514,0,0,1,1.9946,1.7043,0.2904,0,1,3.3,0,-0.1183,0.0407
v20250113_wearDn33iot_Rapid,0,38.492001,1,0,1.9832,0.033,0.0138,-0.0586,0.038,-0.0933,1.0405,0.04,0.01,1,1,-6.198,0,-1.198,0,13,10.802,5,-0.318,0,0,1,1.9946,1.7661,0.2286,0,1,3.3,0,0.1593,0.0674
v20250113_wearDn33iot_Rapid,0,38.591999,1,0,1.9534,0.0053,-0.0341,-0.0011,0.0748,-0.0986,0.9915,0.04,0.01,1,1,-7.291,0,-2.291,0,13,9.709,5,-0.506,0,0,1,1.9946,1.8123,0.1824,0,1,3.3,0,0.1287,-0.0353
v20250113_wearDn33iot_Rapid,0,38.692001,1,0,1.9518,0.0352,0.0469,-0.032,0.0723,-0.0822,0.9652,0.04,0.01,1,1,-7.826,0,-2.826,0,13,9.174,5,-0.181,0,0,1,1.9946,1.8473,0.1473,0,1,3.3,0,-0.202,-0.0067
v20250113_wearDn33iot_Rapid,0,38.792,1,0,1.9357,0.049,0.0639,-0.0437,0.0298,-0.0782,1.0256,0.04,0.01,1,1,-6.766,0,-1.766,0,13,10.234,5,0.243,0,0,1,1.9946,1.868,0.1266,0,1,3.3,0,-0.0454,0.2492
v20250113_wearDn33iot_Rapid,0,38.891998,1,0,1.9002,0.0533,0.1395,-0.0511,0.0537,-0.0696,0.9768,0.04,0.01,1,1,-6.971,0,-1.971,0,13,10.029,5,0.605,0,0,1,1.9946,1.88,0.1147,0,1,3.3,0,-0.0554,0.7098
v20250113_wearDn33iot_Rapid,0,38.992001,1,0,1.9349,-0.0149,0.0277,-0.1481,-0.0134,-0.0543,0.9895,0.04,0.01,1,1,-5.091,0,-0.091,0,13,11.909,5,1.256,0,0,1,1.9946,1.8854,0.1092,0,1,3.3,0,-0.1778,0.9355
v20250113_wearDn33iot_Rapid,0,39.091999,0,0,1.8696,0.0053,-0.0011,-0.1076,0.0293,-0.0736,1.0358,0.04,0.01,1,1,-5.353,0,-0.353,0,13,11.647,5,1.117,0,0,1,1.9946,1.8834,0.1112,0,1,3.3,0,0.1327,0.5832
v20250113_wearDn33iot_Rapid,0,39.192001,0,0,1.9091,-0.0469,-0.1108,-0.0107,0.0557,-0.0587,0.9977,0.04,0.01,1,1,-6.298,0,-1.298,0,13,10.702,5,1.397,0,0,1,1.9946,1.8915,0.1032,0,1,3.3,0,0.141,0.3257
v20250113_wearDn33iot_Rapid,0,39.292,0,0,1.9792,-0.0522,-0.0788,0,0.0653,-0.064,0.9727,0.04,0.01,1,1,-7.105,0,-2.105,0,13,9.895,5,1.34,0,0,1,1.9946,1.901,0.0936,0,1,3.3,0,-0.1252,0.0866
v20250113_wearDn33iot_Rapid,0,39.391998,0,0,1.781,-0.1332,-0.1971,0.0117,0.0289,-0.066,0.9979,0.04,0.01,1,1,-6.418,0,-1.418,0,13,10.582,5,1.29,0,0,1,1.9946,1.8751,0.1195,0,1,3.3,0,-0.1353,0.6607
v20250113_wearDn33iot_Rapid,0,39.492001,0,0,1.785,-0.0426,-0.0724,0.0075,0.0925,-0.1155,1.0177,0.04,0.01,1,1,-7.843,0,-2.843,0,13,9.157,5,-0.094,0,0,1,1.9946,1.8556,0.139,0,1,3.3,0,0.1127,0.3993
v20250113_wearDn33iot_Rapid,0,39.591999,0,0,1.7826,-0.0352,0.0021,0.0075,0.1019,-0.1195,1.0146,0.04,0.01,1,1,-8.837,0,-3.837,0,13,8.163,5,-0.922,0,0,1,1.9946,1.8401,0.1546,0,1,3.3,0,0.2437,-0.576
v20250113_wearDn33iot_Rapid,0,39.692001,0,0,1.8511,-0.0266,0.0107,0.0064,0.053,-0.0846,0.9768,0.04,0.01,1,1,-8.014,0,-3.014,0,13,8.986,5,-0.443,0,0,1,1.9946,1.8346,0.16,0,1,3.3,0,0.0042,-0.899
v20250113_wearDn33iot_Rapid,0,39.792,0,0,1.8422,-0.0256,-0.0043,0.0032,0.0637,-0.1066,1.0178,0.04,0.01,1,1,-7.834,0,-2.834,0,13,9.166,5,-0.723,0,0,1,1.9946,1.8388,0.1558,0,1,3.3,0,0.0121,-0.9673
v20250113_wearDn33iot_Rapid,0,39.891998,0,0,1.8905,-0.0181,-0.0107,0.0107,0.0574,-0.0917,0.9709,0.04,0.01,1,1,-7.642,0,-2.642,0,13,9.358,5,-0.568,0,0,1,1.9946,1.8442,0.1504,0,1,3.3,0,-0.0855,-0.8221
v20250113_wearDn33iot_Rapid,0,39.992001,0,0,2.009,-0.0117,0.0032,-0.0096,0.1089,-0.1122,0.9976,0.04,0.01,1,1,-8.982,0,-3.982,0,13,8.018,5,-1.008,0,0,1,1.9946,1.8732,0.1214,0,1,3.3,0,-0.1199,-0.7369
v20250113_wearDn33iot_Rapid,0,40.091999,0,0,2.0106,-0.0117,-0.0043,0.0064,0.0592,-0.0858,0.9746,0.04,0.01,1,1,-8.274,0,-3.274,0,13,8.726,5,-0.526,0,0,1,1.9946,1.9045,0.0901,0,1,3.3,0,-0.1237,-0.5841
v20250113_wearDn33iot_Rapid,0,40.192001,0,0,2.0034,-0.0021,0.0085,0.0107,0.1136,-0.1162,1.0022,0.04,0.01,1,1,-9.422,0,-4.422,0,13,7.578,5,-1.085,0,0,1,1.9946,1.9272,0.0675,0,1,3.3,0,-0.0584,-0.4662
v20250113_wearDn33iot_Rapid,0,40.292,0,0,1.9993,-0.0096,0.0075,0.0202,0.0735,-0.1206,1.0085,0.04,0.01,1,1,-8.84,0,-3.84,0,13,8.16,5,-1.476,0,0,1,1.9946,1.9439,0.0508,0,1,3.3,0,0.1482,-0.2684
v20250113_wearDn33iot_Rapid,0,40.391998,0,0,2.0042,0.0043,0.0192,-0.016,0.0979,-0.1099,1.0084,0.04,0.01,0,1,-9.242,0,-4.242,0,13,7.758,5,-1.366,0,0,1,1.9946,1.9594,0.0353,0.157,1,3.3,0,0.1595,-0.1324
v20250113_wearDn33iot_Rapid,0,40.492001,0,0,1.9993,-0.0107,-0.0202,0.0096,0.0634,-0.1058,1.0195,0.04,0.01,0,1,-8.442,0,-3.442,0,13,8.558,5,-1.163,0,0,1,1.9946,1.9663,0.0283,0.389,1,3.3,0,0.2217,-0.0418
v20250113_wearDn33iot_Rapid,0,40.591999,0,0,1.9808,-0.0096,-0.0032,0.0053,0.0721,-0.0972,0.9713,0.04,0.01,0,1,-8.382,0,-3.382,0,13,8.618,5,-0.951,0,0,1,1.9946,1.9715,0.0231,0.562,1,3.3,0,-0.0531,-0.0855
v20250113_wearDn33iot_Rapid,0,40.692001,0,0,2.03,-0.016,-0.0053,-0.0032,0.0438,-0.0865,0.9913,0.04,0.01,0,1,-7.481,0,-2.481,0,13,9.519,5,-0.475,0,0,1,1.9946,1.9841,0.0106,0.98,1,3.3,0,-0.1777,-0.0833
v20250113_wearDn33iot_Rapid,0,40.792,0,0,2.1323,-0.017,-0.0107,-0.0043,0.1075,-0.1146,0.9913,0.04,0.01,0,1,-8.872,0,-3.872,0,13,8.128,5,-1.05,0,0,1,1.9949,1.9994,-0.0046,1,0,3.3,0,-0.0979,-0.0353
tone stopped,,,,,,,,,,,,,,,,,,,,,,,,,,,,,,,,,,,
v20250113_wearDn33iot_Rapid,0,40.891998,0,0,2.0284,-0.0043,-0.0032,0.0075,0.0668,-0.0885,0.9722,0.04,0.01,0,0,-8.439,0,-3.439,0,13,8.561,5,-0.631,0,0,0,1.9951,2.0069,-0.0118,1,0,3.3,0,-0.1701,-0.0595
v20250113_wearDn33iot_Rapid,0,40.992001,0,0,2.0646,-0.0075,0.0096,-0.0032,0.0474,-0.115,0.9806,0.04,0.01,0,0,-7.621,0,-2.621,0,13,9.379,5,-1.177,0,0,0,1.9953,2.0131,-0.0179,1,0,3.3,0,-0.2015,-0.0809
v20250113_wearDn33iot_Rapid,0,41.091999,0,0,2.0284,0.0011,-0.0096,0.0021,0.0659,-0.1002,1.0046,0.04,0.01,0,0,-7.71,0,-2.71,0,13,9.29,5,-0.949,0,0,0,1.9954,2.0173,-0.0218,1,0,3.3,0,-0.0089,-0.0691
v20250113_wearDn33iot_Rapid,0,41.192001,0,0,1.9445,-0.0192,-0.0043,0.0096,0.0775,-0.1113,0.99,0.04,0.01,0,0,-8.118,0,-3.118,0,13,8.882,5,-1.201,0,0,0,1.9956,2.0167,-0.0211,1,0,3.3,0,0.0529,-0.0066
v20250113_wearDn33iot_Rapid,0,41.292,0,0,1.7826,-0.0128,0.0021,-0.0234,0.0837,-0.1061,1.0027,0.04,0.01,0,0,-8.477,0,-3.477,0,13,8.523,5,-1.135,0,0,0,1.9948,1.9665,0.0283,0.389,1,3.3,0,0.0936,0.088
v20250113_wearDn33iot_Rapid,0,41.391998,0,0,1.7818,-0.0021,0.0032,0.016,0.0912,-0.1088,0.9982,0.04,0.01,1,0,-8.884,0,-3.884,0,13,8.116,5,-1.192,0,0,0,1.9948,1.9277,0.0671,0,1,3.3,0,0.1197,0.057
v20250113_wearDn33iot_Rapid,0,41.492001,0,0,1.7116,0.0021,0.0021,0.0224,0.0818,-0.1118,0.9941,0.04,0.01,1,0,-8.828,0,-3.828,0,13,8.172,5,-1.321,0,0,0,1.9948,1.8822,0.1126,0,1,3.3,0,0.0696,0.044
v20250113_wearDn33iot_Rapid,0,41.591999,0,0,1.6931,-0.0011,0.016,0.0224,0.0713,-0.106,1.0082,0.04,0.01,1,0,-8.465,0,-3.465,0,13,8.535,5,-1.174,0,0,0,1.9948,1.8404,0.1543,0,1,3.3,0,0.0992,0.0785
v20250113_wearDn33iot_Rapid,0,41.692001,0,0,2.1557,0.0075,0.0181,-0.0075,0.0824,-0.1056,0.9926,0.04,0.01,1,0,-8.634,0,-3.634,0,13,8.366,5,-1.135,0,0,0,1.9948,1.8982,0.0965,0,1,3.3,0,0.0533,0.0576
v20250113_wearDn33iot_Rapid,0,41.792,0,0,2.1186,0.0064,0.0245,-0.0266,0.072,-0.1066,0.9979,0.04,0.01,1,0,-8.406,0,-3.406,0,13,8.594,5,-1.127,0,0,0,1.9948,1.9523,0.0424,0,1,3.3,0,0.0024,0.1017
v20250113_wearDn33iot_Rapid,0,41.891998,0,0,2.1645,0.0053,0.032,-0.0256,0.0667,-0.1006,1.0055,0.04,0.01,0,0,-8.119,0,-3.119,0,13,8.881,5,-0.927,0,0,0,1.9949,1.9947,0.0003,1,0,3.3,0,0.0415,0.1798
v20250113_wearDn33iot_Rapid,0,41.992001,0,0,2.1855,0.0128,0.0352,-0.0277,0.0801,-0.0953,0.9978,0.04,0.01,0,0,-8.376,0,-3.376,0,13,8.624,5,-0.695,0,0,0,1.9959,2.0385,-0.0426,1,0,3.3,0,0.0232,0.2103
v20250113_wearDn33iot_Rapid,0,42.091999,0,0,2.196,0.0064,0.0128,0.0053,0.0719,-0.1033,0.9888,0.04,0.01,0,0,-8.289,0,-3.289,0,13,8.711,5,-0.835,0,0,0,1.9969,2.0742,-0.0773,1,0,3.3,0,-0.055,0.0427
v20250113_wearDn33iot_Rapid,0,42.192001,0,0,2.1911,-0.0288,-0.0138,0.0234,0.0741,-0.0952,0.9976,0.04,0.01,0,0,-8.293,0,-3.293,0,13,8.707,5,-0.649,0,0,0,1.998,2.1053,-0.1073,1,0,3.3,0,-0.0578,0.0013
v20250113_wearDn33iot_Rapid,0,42.292,0,0,2.1976,0.0192,-0.0053,0.016,0.051,-0.1047,1.0038,0.04,0.01,0,0,-7.613,0,-2.613,0,13,9.387,5,-0.808,0,0,0,1.999,2.127,-0.128,1,0,3.3,0,0.0102,0.0074
v20250113_wearDn33iot_Rapid,0,42.391998,0,0,2.1968,0.0011,0.0021,0.0256,0.0775,-0.0823,1.0219,0.04,0.01,0,0,-7.994,0,-2.994,0,13,9.006,5,-0.201,0,0,0,2.0001,2.1485,-0.1484,1,0,3.3,0,0.1366,-0.0615
v20250113_wearDn33iot_Rapid,0,42.492001,0,0,2.1984,-0.0266,-0.0075,0.0053,0.0771,-0.0966,0.9995,0.04,0.01,0,0,-8.223,0,-3.223,0,13,8.777,5,-0.359,0,0,0,2.0011,2.16,-0.1589,1,0,3.3,0,0.1054,-0.0401
v20250113_wearDn33iot_Rapid,0,42.591999,0,0,2.1871,0.0011,-0.0043,0.0192,0.0696,-0.1049,0.9955,0.04,0.01,0,0,-8.127,0,-3.127,0,13,8.873,5,-0.69,0,0,0,2.002,2.1661,-0.1641,1,0,3.3,0,-0.0176,-0.0815
v20250113_wearDn33iot_Rapid,0,42.692001,0,0,2.1936,0.0053,0.0149,-0.0043,0.077,-0.0991,0.9949,0.04,0.01,0,0,-8.295,0,-3.295,0,13,8.705,5,-0.693,0,0,0,2.003,2.1727,-0.1697,1,0,3.3,0,-0.0559,-0.1146
v20250113_wearDn33iot_Rapid,0,42.792,0,0,2.1944,0.0021,0.0107,-0.0043,0.0673,-0.0969,0.9989,0.04,0.01,0,0,-8.089,0,-3.089,0,13,8.911,5,-0.619,0,0,0,2.004,2.1808,-0.1768,1,0,3.3,0,-0.056,-0.1513
v20250113_wearDn33iot_Rapid,0,42.891998,0,0,2.1371,0.0021,0.0085,-0.0202,0.0714,-0.0931,1.0013,0.04,0.01,0,0,-8.1,0,-3.1,0,13,8.9,5,-0.466,0,0,0,2.0049,2.1784,-0.1735,1,0,3.3,0,-0.0183,-0.0907
v20250113_wearDn33iot_Rapid,0,42.992001,0,0,1.7399,0.0064,-0.0479,0.0309,0.0587,-0.0946,1.0022,0.04,0.01,0,0,-7.741,0,-2.741,0,13,9.259,5,-0.427,0,0,0,2.0042,2.1088,-0.1046,1,0,3.3,0,-0.0028,0.1601
v20250113_wearDn33iot_Rapid,0,43.091999,0,0,1.7294,-0.0405,-0.0373,-0.0149,0.0781,-0.0887,1.0037,0.04,0.01,0,0,-8.115,0,-3.115,0,13,8.885,5,-0.239,0,0,0,2.0029,2.0236,-0.0207,1,0,3.3,0,0.0213,0.3336
v20250113_wearDn33iot_Rapid,0,43.192001,0,0,1.7197,-0.0256,-0.0096,0,0.0811,-0.0978,0.9974,0.04,0.01,1,0,-8.399,0,-3.399,0,13,8.601,5,-0.42,0,0,0,2.002,1.955,0.047,0,1,3.3,0,0.0017,0.1658
v20250113_wearDn33iot_Rapid,0,43.292,0,0,1.7326,-0.0213,-0.0053,-0.0096,0.0731,-0.0944,1.0094,0.04,0.01,1,0,-8.289,0,-3.289,0,13,8.711,5,-0.379,0,0,0,2.002,1.9049,0.0972,0,1,3.3,0,0.0403,-0.0168
v20250113_wearDn33iot_Rapid,0,43.391998,0,0,1.6754,-0.0288,-0.0234,-0.0043,0.0842,-0.1061,0.9943,0.04,0.01,1,0,-8.587,0,-3.587,0,13,8.413,5,-0.741,0,0,0,2.002,1.8639,0.1382,0,1,3.3,0,0.0125,-0.0119
v20250113_wearDn33iot_Rapid,0,43.492001,0,0,1.7004,-0.016,-0.0128,-0.0213,0.0925,-0.1128,0.9874,0.04,0.01,1,0,-8.994,0,-3.994,0,13,8.006,5,-1.141,0,0,0,2.002,1.8277,0.1743,0,1,3.3,0,-0.0723,-0.0088
,,,,,,,,,,,,,,,,,,,,,,,,,,,,,,,,,,,
cp.inp_str: pp12;,,,,,,,,,,,,,,,,,,,,,,,,,,,,,,,,,,,
 letter_0: p letter_1: p,,,,,,,,,,,,,,,,,,,,,,,,,,,,,,,,,,,
 i_value: 12 f_value: 12.00,,,,,,,,,,,,,,,,,,,,,,,,,,,,,,,,,,,
,,,,,,,,,,,,,,,,,,,,,,,,,,,,,,,,,,,
plot number unknown enter plot number e.g. pp0 (sum), pp1 (acc), pp2 (rot), pp3 (all), pp4 (quiet), pp5 (quiet raw), pp6 (total), pp7 (roll-pitch-yaw), pp8 (head_buzz), pp9 (eye_buzz), pp10 (buzz list),,,,,,,,,,,,,,,,,,,,,,,,,
ir tone played,,,,,,,,,,,,,,,,,,,,,,,,,,,,,,,,,,,
tone stopped,,,,,,,,,,,,,,,,,,,,,,,,,,,,,,,,,,,
grav tone played,,,,,,,,,,,,,,,,,,,,,,,,,,,,,,,,,,,
tone stopped,,,,,,,,,,,,,,,,,,,,,,,,,,,,,,,,,,,
